"module name","license","repository"
"@babel/code-frame@7.0.0-beta.31","MIT","https://github.com/babel/babel/tree/master/packages/babel-code-frame"
"@babel/helper-function-name@7.0.0-beta.31","MIT","https://github.com/babel/babel/tree/master/packages/babel-helper-function-name"
"@babel/helper-get-function-arity@7.0.0-beta.31","MIT","https://github.com/babel/babel/tree/master/packages/babel-helper-get-function-arity"
"@babel/template@7.0.0-beta.31","MIT","https://github.com/babel/babel/tree/master/packages/babel-template"
"@babel/traverse@7.0.0-beta.31","MIT","https://github.com/babel/babel/tree/master/packages/babel-traverse"
"@babel/types@7.0.0-beta.31","MIT","https://github.com/babel/babel/tree/master/packages/babel-types"
"@rails/webpacker@3.2.0","MIT","https://github.com/rails/webpacker"
"@std/esm@0.16.0","MIT","https://github.com/standard-things/esm"
"@types/cheerio@0.22.6","MIT","https://www.github.com/DefinitelyTyped/DefinitelyTyped"
"@types/enzyme@3.1.6","MIT","https://www.github.com/DefinitelyTyped/DefinitelyTyped"
"@types/jasmine@2.8.2","MIT","https://www.github.com/DefinitelyTyped/DefinitelyTyped"
"@types/jest@22.0.1","MIT","https://www.github.com/DefinitelyTyped/DefinitelyTyped"
"@types/moxios@0.4.8","MIT","https://www.github.com/DefinitelyTyped/DefinitelyTyped"
"@types/node@8.5.2","MIT","https://www.github.com/DefinitelyTyped/DefinitelyTyped"
"@types/prop-types@15.5.2","MIT","https://www.github.com/DefinitelyTyped/DefinitelyTyped"
"@types/react-dom@16.0.3","MIT","https://www.github.com/DefinitelyTyped/DefinitelyTyped"
"@types/react@16.0.31","MIT","https://www.github.com/DefinitelyTyped/DefinitelyTyped"
"abab@1.0.4","ISC","https://github.com/jsdom/abab"
"abbrev@1.1.0","ISC","https://github.com/isaacs/abbrev-js"
"abbrev@1.1.1","ISC","https://github.com/isaacs/abbrev-js"
"accepts@1.3.4","MIT","https://github.com/jshttp/accepts"
"acorn-dynamic-import@2.0.2","MIT","https://github.com/kesne/acorn-dynamic-import"
"acorn-globals@3.1.0","MIT","https://github.com/ForbesLindesay/acorn-globals"
"acorn-jsx@3.0.1","MIT","https://github.com/RReverser/acorn-jsx"
"acorn@3.3.0","MIT","https://github.com/ternjs/acorn"
"acorn@4.0.13","MIT","https://github.com/ternjs/acorn"
"acorn@5.2.1","MIT","https://github.com/ternjs/acorn"
"ajv-keywords@1.5.1","MIT","https://github.com/epoberezkin/ajv-keywords"
"ajv-keywords@2.1.1","MIT","https://github.com/epoberezkin/ajv-keywords"
"ajv@4.11.8","MIT","https://github.com/epoberezkin/ajv"
"ajv@5.5.2","MIT","https://github.com/epoberezkin/ajv"
"align-text@0.1.4","MIT","https://github.com/jonschlinkert/align-text"
"alphanum-sort@1.0.2","MIT","https://github.com/TrySound/alphanum-sort"
"amdefine@1.0.1","BSD-3-Clause OR MIT","https://github.com/jrburke/amdefine"
"ansi-escapes@1.4.0","MIT","https://github.com/sindresorhus/ansi-escapes"
"ansi-escapes@3.0.0","MIT","https://github.com/sindresorhus/ansi-escapes"
"ansi-html@0.0.7","Apache-2.0","https://github.com/Tjatse/ansi-html"
"ansi-regex@0.2.1","MIT","https://github.com/sindresorhus/ansi-regex"
"ansi-regex@2.1.1","MIT","https://github.com/chalk/ansi-regex"
"ansi-regex@3.0.0","MIT","https://github.com/chalk/ansi-regex"
"ansi-styles@1.1.0","MIT","https://github.com/sindresorhus/ansi-styles"
"ansi-styles@2.2.1","MIT","https://github.com/chalk/ansi-styles"
"ansi-styles@3.2.0","MIT","https://github.com/chalk/ansi-styles"
"any-promise@0.1.0","MIT","https://github.com/kevinbeaty/any-promise"
"anymatch@1.3.2","ISC","https://github.com/es128/anymatch"
"append-transform@0.4.0","MIT","https://github.com/jamestalmage/append-transform"
"aproba@1.1.1","ISC","https://github.com/iarna/aproba"
"aproba@1.2.0","ISC","https://github.com/iarna/aproba"
"are-we-there-yet@1.1.4","ISC","https://github.com/iarna/are-we-there-yet"
"argparse@1.0.9","MIT","https://github.com/nodeca/argparse"
"aria-query@0.7.0","Apache-2.0","https://github.com/A11yance/aria-query"
"arr-diff@2.0.0","MIT","https://github.com/jonschlinkert/arr-diff"
"arr-flatten@1.1.0","MIT","https://github.com/jonschlinkert/arr-flatten"
"array-equal@1.0.0","MIT","https://github.com/component/array-equal"
"array-filter@0.0.1","MIT","https://github.com/juliangruber/array-filter"
"array-find-index@1.0.2","MIT","https://github.com/sindresorhus/array-find-index"
"array-flatten@1.1.1","MIT","https://github.com/blakeembrey/array-flatten"
"array-flatten@2.1.1","MIT","https://github.com/blakeembrey/array-flatten"
"array-includes@3.0.3","MIT","https://github.com/ljharb/array-includes"
"array-iterate@1.1.1","MIT","https://github.com/wooorm/array-iterate"
"array-map@0.0.0","MIT","https://github.com/substack/array-map"
"array-reduce@0.0.0","MIT","https://github.com/substack/array-reduce"
"array-union@1.0.2","MIT","https://github.com/sindresorhus/array-union"
"array-uniq@1.0.3","MIT","https://github.com/sindresorhus/array-uniq"
"array-unique@0.2.1","MIT","https://github.com/jonschlinkert/array-unique"
"arrify@1.0.1","MIT","https://github.com/sindresorhus/arrify"
"asap@2.0.6","MIT","https://github.com/kriskowal/asap"
"asn1.js@4.9.2","MIT","https://github.com/indutny/asn1.js"
"asn1@0.2.3","MIT","https://github.com/mcavage/node-asn1"
"assert-plus@0.2.0","MIT","https://github.com/mcavage/node-assert-plus"
"assert-plus@1.0.0","MIT","https://github.com/mcavage/node-assert-plus"
"assert@1.4.1","MIT","https://github.com/defunctzombie/commonjs-assert"
"ast-types-flow@0.0.7","ISC","https://github.com/kyldvs/ast-types-flow"
"astral-regex@1.0.0","MIT","https://github.com/kevva/astral-regex"
"async-each@1.0.1","MIT","https://github.com/paulmillr/async-each"
"async-foreach@0.1.3","MIT*","https://github.com/cowboy/javascript-sync-async-foreach"
"async@1.5.2","MIT","https://github.com/caolan/async"
"async@2.6.0","MIT","https://github.com/caolan/async"
"asynckit@0.4.0","MIT","https://github.com/alexindigo/asynckit"
"autoprefixer@6.7.7","MIT","https://github.com/postcss/autoprefixer"
"autoprefixer@7.2.3","MIT","https://github.com/postcss/autoprefixer"
"autoprefixer@7.2.4","MIT","https://github.com/postcss/autoprefixer"
"aws-sign2@0.6.0","Apache-2.0","https://github.com/mikeal/aws-sign"
"aws-sign2@0.7.0","Apache-2.0","https://github.com/mikeal/aws-sign"
"aws4@1.6.0","MIT","https://github.com/mhart/aws4"
"axios@0.16.2","MIT","https://github.com/mzabriskie/axios"
"axios@0.17.1","MIT","https://github.com/axios/axios"
"axobject-query@0.1.0","Apache-2.0","https://github.com/A11yance/axobject-query"
"babel-cli@6.26.0","MIT","https://github.com/babel/babel/tree/master/packages/babel-cli"
"babel-code-frame@6.26.0","MIT","https://github.com/babel/babel/tree/master/packages/babel-code-frame"
"babel-core@6.26.0","MIT","https://github.com/babel/babel/tree/master/packages/babel-core"
"babel-eslint@8.0.3","MIT","https://github.com/babel/babel-eslint"
"babel-generator@6.26.0","MIT","https://github.com/babel/babel/tree/master/packages/babel-generator"
"babel-helper-builder-binary-assignment-operator-visitor@6.24.1","MIT","https://github.com/babel/babel/tree/master/packages/babel-helper-builder-binary-assignment-operator-visitor"
"babel-helper-builder-react-jsx@6.26.0","MIT","https://github.com/babel/babel/tree/master/packages/babel-helper-builder-react-jsx"
"babel-helper-call-delegate@6.24.1","MIT","https://github.com/babel/babel/tree/master/packages/babel-helper-call-delegate"
"babel-helper-define-map@6.26.0","MIT","https://github.com/babel/babel/tree/master/packages/babel-helper-define-map"
"babel-helper-explode-assignable-expression@6.24.1","MIT","https://github.com/babel/babel/tree/master/packages/babel-helper-explode-assignable-expression"
"babel-helper-function-name@6.24.1","MIT","https://github.com/babel/babel/tree/master/packages/babel-helper-function-name"
"babel-helper-get-function-arity@6.24.1","MIT","https://github.com/babel/babel/tree/master/packages/babel-helper-get-function-arity"
"babel-helper-hoist-variables@6.24.1","MIT","https://github.com/babel/babel/tree/master/packages/babel-helper-hoist-variables"
"babel-helper-optimise-call-expression@6.24.1","MIT","https://github.com/babel/babel/tree/master/packages/babel-helper-optimise-call-expression"
"babel-helper-regex@6.26.0","MIT","https://github.com/babel/babel/tree/master/packages/babel-helper-regex"
"babel-helper-remap-async-to-generator@6.24.1","MIT","https://github.com/babel/babel/tree/master/packages/babel-helper-remap-async-to-generator"
"babel-helper-replace-supers@6.24.1","MIT","https://github.com/babel/babel/tree/master/packages/babel-helper-replace-supers"
"babel-helpers@6.24.1","MIT","https://github.com/babel/babel/tree/master/packages/babel-helpers"
"babel-jest@21.2.0","MIT","https://github.com/facebook/jest"
"babel-loader@7.1.2","MIT","https://github.com/babel/babel-loader"
"babel-messages@6.23.0","MIT","https://github.com/babel/babel/tree/master/packages/babel-messages"
"babel-plugin-check-es2015-constants@6.22.0","MIT","https://github.com/babel/babel/tree/master/packages/babel-plugin-check-es2015-constants"
"babel-plugin-istanbul@4.1.5","BSD-3-Clause","https://github.com/istanbuljs/babel-plugin-istanbul"
"babel-plugin-jest-hoist@21.2.0","MIT","https://github.com/facebook/jest"
"babel-plugin-syntax-async-functions@6.13.0","MIT","https://github.com/babel/babel/tree/master/packages/babel-plugin-syntax-async-functions"
"babel-plugin-syntax-class-properties@6.13.0","MIT","https://github.com/babel/babel/tree/master/packages/babel-plugin-syntax-class-properties"
"babel-plugin-syntax-dynamic-import@6.18.0","MIT","https://github.com/babel/babel/tree/master/packages/babel-plugin-syntax-dynamic-import"
"babel-plugin-syntax-exponentiation-operator@6.13.0","MIT","https://github.com/babel/babel/tree/master/packages/babel-plugin-syntax-exponentation-operator"
"babel-plugin-syntax-flow@6.18.0","MIT","https://github.com/babel/babel/tree/master/packages/babel-plugin-syntax-flow"
"babel-plugin-syntax-jsx@6.18.0","MIT","https://github.com/babel/babel/tree/master/packages/babel-plugin-syntax-jsx"
"babel-plugin-syntax-object-rest-spread@6.13.0","MIT","https://github.com/babel/babel/tree/master/packages/babel-plugin-syntax-object-rest-spread"
"babel-plugin-syntax-trailing-function-commas@6.22.0","MIT","https://github.com/babel/babel/tree/master/packages/babel-plugin-syntax-trailing-function-commas"
"babel-plugin-transform-async-to-generator@6.24.1","MIT","https://github.com/babel/babel/tree/master/packages/babel-plugin-transform-async-to-generator"
"babel-plugin-transform-class-properties@6.24.1","MIT","https://github.com/babel/babel/tree/master/packages/babel-plugin-transform-class-properties"
"babel-plugin-transform-es2015-arrow-functions@6.22.0","MIT","https://github.com/babel/babel/tree/master/packages/babel-plugin-transform-es2015-arrow-functions"
"babel-plugin-transform-es2015-block-scoped-functions@6.22.0","MIT","https://github.com/babel/babel/tree/master/packages/babel-plugin-transform-es2015-block-scoped-functions"
"babel-plugin-transform-es2015-block-scoping@6.26.0","MIT","https://github.com/babel/babel/tree/master/packages/babel-plugin-transform-es2015-block-scoping"
"babel-plugin-transform-es2015-classes@6.24.1","MIT","https://github.com/babel/babel/tree/master/packages/babel-plugin-transform-es2015-classes"
"babel-plugin-transform-es2015-computed-properties@6.24.1","MIT","https://github.com/babel/babel/tree/master/packages/babel-plugin-transform-es2015-computed-properties"
"babel-plugin-transform-es2015-destructuring@6.23.0","MIT","https://github.com/babel/babel/tree/master/packages/babel-plugin-transform-es2015-destructuring"
"babel-plugin-transform-es2015-duplicate-keys@6.24.1","MIT","https://github.com/babel/babel/tree/master/packages/babel-plugin-transform-es2015-duplicate-keys"
"babel-plugin-transform-es2015-for-of@6.23.0","MIT","https://github.com/babel/babel/tree/master/packages/babel-plugin-transform-es2015-for-of"
"babel-plugin-transform-es2015-function-name@6.24.1","MIT","https://github.com/babel/babel/tree/master/packages/babel-plugin-transform-es2015-function-name"
"babel-plugin-transform-es2015-literals@6.22.0","MIT","https://github.com/babel/babel/tree/master/packages/babel-plugin-transform-es2015-literals"
"babel-plugin-transform-es2015-modules-amd@6.24.1","MIT","https://github.com/babel/babel/tree/master/packages/babel-plugin-transform-es2015-modules-amd"
"babel-plugin-transform-es2015-modules-commonjs@6.26.0","MIT","https://github.com/babel/babel/tree/master/packages/babel-plugin-transform-es2015-modules-commonjs"
"babel-plugin-transform-es2015-modules-systemjs@6.24.1","MIT","https://github.com/babel/babel/tree/master/packages/babel-plugin-transform-es2015-modules-systemjs"
"babel-plugin-transform-es2015-modules-umd@6.24.1","MIT","https://github.com/babel/babel/tree/master/packages/babel-plugin-transform-es2015-modules-umd"
"babel-plugin-transform-es2015-object-super@6.24.1","MIT","https://github.com/babel/babel/tree/master/packages/babel-plugin-transform-es2015-object-super"
"babel-plugin-transform-es2015-parameters@6.24.1","MIT","https://github.com/babel/babel/tree/master/packages/babel-plugin-transform-es2015-parameters"
"babel-plugin-transform-es2015-shorthand-properties@6.24.1","MIT","https://github.com/babel/babel/tree/master/packages/babel-plugin-transform-es2015-shorthand-properties"
"babel-plugin-transform-es2015-spread@6.22.0","MIT","https://github.com/babel/babel/tree/master/packages/babel-plugin-transform-es2015-spread"
"babel-plugin-transform-es2015-sticky-regex@6.24.1","MIT","https://github.com/babel/babel/tree/master/packages/babel-plugin-transform-es2015-sticky-regex"
"babel-plugin-transform-es2015-template-literals@6.22.0","MIT","https://github.com/babel/babel/tree/master/packages/babel-plugin-transform-es2015-template-literals"
"babel-plugin-transform-es2015-typeof-symbol@6.23.0","MIT","https://github.com/babel/babel/tree/master/packages/babel-plugin-transform-es2015-typeof-symbol"
"babel-plugin-transform-es2015-unicode-regex@6.24.1","MIT","https://github.com/babel/babel/tree/master/packages/babel-plugin-transform-es2015-unicode-regex"
"babel-plugin-transform-exponentiation-operator@6.24.1","MIT","https://github.com/babel/babel/tree/master/packages/babel-plugin-transform-exponentiation-operator"
"babel-plugin-transform-flow-strip-types@6.22.0","MIT","https://github.com/babel/babel/tree/master/packages/babel-plugin-transform-flow-strip-types"
"babel-plugin-transform-object-rest-spread@6.26.0","MIT","https://github.com/babel/babel/tree/master/packages/babel-plugin-transform-object-rest-spread"
"babel-plugin-transform-react-display-name@6.25.0","MIT","https://github.com/babel/babel/tree/master/packages/babel-plugin-transform-react-display-name"
"babel-plugin-transform-react-jsx-self@6.22.0","MIT","https://github.com/babel/babel/tree/master/packages/babel-plugin-transform-react-jsx-self"
"babel-plugin-transform-react-jsx-source@6.22.0","MIT","https://github.com/babel/babel/tree/master/packages/babel-plugin-transform-react-jsx-source"
"babel-plugin-transform-react-jsx@6.24.1","MIT","https://github.com/babel/babel/tree/master/packages/babel-plugin-transform-react-jsx"
"babel-plugin-transform-regenerator@6.26.0","MIT","https://github.com/babel/babel/tree/master/packages/babel-plugin-transform-regenerator"
"babel-plugin-transform-strict-mode@6.24.1","MIT","https://github.com/babel/babel/tree/master/packages/babel-plugin-transform-strict-mode"
"babel-polyfill@6.26.0","MIT","https://github.com/babel/babel/tree/master/packages/babel-polyfill"
"babel-preset-env@1.6.1","MIT","https://github.com/babel/babel-preset-env"
"babel-preset-flow@6.23.0","MIT","https://github.com/babel/babel/tree/master/packages/babel-preset-flow"
"babel-preset-jest@21.2.0","MIT","https://github.com/facebook/jest"
"babel-preset-react@6.24.1","MIT","https://github.com/babel/babel/tree/master/packages/babel-preset-react"
"babel-register@6.26.0","MIT","https://github.com/babel/babel/tree/master/packages/babel-register"
"babel-runtime@6.26.0","MIT","https://github.com/babel/babel/tree/master/packages/babel-runtime"
"babel-template@6.26.0","MIT","https://github.com/babel/babel/tree/master/packages/babel-template"
"babel-traverse@6.26.0","MIT","https://github.com/babel/babel/tree/master/packages/babel-traverse"
"babel-types@6.26.0","MIT","https://github.com/babel/babel/tree/master/packages/babel-types"
"babylon@6.18.0","MIT","https://github.com/babel/babylon"
"babylon@7.0.0-beta.31","MIT","https://github.com/babel/babel/tree/master/packages/babylon"
"bail@1.0.2","MIT","https://github.com/wooorm/bail"
"balanced-match@0.1.0","MIT","https://github.com/juliangruber/balanced-match"
"balanced-match@0.4.2","MIT","https://github.com/juliangruber/balanced-match"
"balanced-match@1.0.0","MIT","https://github.com/juliangruber/balanced-match"
"base64-js@1.2.1","MIT","https://github.com/beatgammit/base64-js"
"batch@0.6.1","MIT","https://github.com/visionmedia/batch"
"bcrypt-pbkdf@1.0.1","BSD-3-Clause",""
"big.js@3.2.0","MIT","https://github.com/MikeMcl/big.js"
"binary-extensions@1.11.0","MIT","https://github.com/sindresorhus/binary-extensions"
"block-stream@0.0.9","ISC","https://github.com/isaacs/block-stream"
"bluebird@3.5.1","MIT","https://github.com/petkaantonov/bluebird"
"bn.js@4.11.8","MIT","https://github.com/indutny/bn.js"
"body-parser@1.18.2","MIT","https://github.com/expressjs/body-parser"
"bonjour@3.5.0","MIT","https://github.com/watson/bonjour"
"boolbase@1.0.0","ISC","https://github.com/fb55/boolbase"
"boom@2.10.1","BSD-3-Clause","https://github.com/hapijs/boom"
"boom@4.3.1","BSD-3-Clause","https://github.com/hapijs/boom"
"boom@5.2.0","BSD-3-Clause","https://github.com/hapijs/boom"
"bootstrap@3.3.7","MIT","https://github.com/twbs/bootstrap"
"brace-expansion@1.1.7","MIT","https://github.com/juliangruber/brace-expansion"
"brace-expansion@1.1.8","MIT","https://github.com/juliangruber/brace-expansion"
"braces@1.8.5","MIT","https://github.com/jonschlinkert/braces"
"brorand@1.1.0","MIT","https://github.com/indutny/brorand"
"browser-resolve@1.11.2","MIT","https://github.com/shtylman/node-browser-resolve"
"browserify-aes@1.1.1","MIT","https://github.com/crypto-browserify/browserify-aes"
"browserify-cipher@1.0.0","MIT","https://github.com/crypto-browserify/browserify-cipher"
"browserify-des@1.0.0","MIT","https://github.com/crypto-browserify/browserify-des"
"browserify-rsa@4.0.1","MIT","https://github.com/crypto-browserify/browserify-rsa"
"browserify-sign@4.0.4","ISC","https://github.com/crypto-browserify/browserify-sign"
"browserify-zlib@0.2.0","MIT","https://github.com/devongovett/browserify-zlib"
"browserslist@1.7.7","MIT","https://github.com/ai/browserslist"
"browserslist@2.10.0","MIT","https://github.com/ai/browserslist"
"browserslist@2.11.0","MIT","https://github.com/ai/browserslist"
"bser@2.0.0","Apache-2.0","https://github.com/facebook/watchman"
"buffer-indexof@1.1.1","MIT","https://github.com/soldair/node-buffer-indexof"
"buffer-shims@1.0.0","MIT","https://github.com/calvinmetcalf/buffer-shims"
"buffer-xor@1.0.3","MIT","https://github.com/crypto-browserify/buffer-xor"
"buffer@4.9.1","MIT","https://github.com/feross/buffer"
"builtin-modules@1.1.1","MIT","https://github.com/sindresorhus/builtin-modules"
"builtin-status-codes@3.0.0","MIT","https://github.com/bendrucker/builtin-status-codes"
"bytes@3.0.0","MIT","https://github.com/visionmedia/bytes.js"
"cacache@10.0.1","ISC","https://github.com/zkat/cacache"
"caller-path@0.1.0","MIT","https://github.com/sindresorhus/caller-path"
"callsites@0.2.0","MIT","https://github.com/sindresorhus/callsites"
"callsites@2.0.0","MIT","https://github.com/sindresorhus/callsites"
"camelcase-keys@2.1.0","MIT","https://github.com/sindresorhus/camelcase-keys"
"camelcase-keys@4.2.0","MIT","https://github.com/sindresorhus/camelcase-keys"
"camelcase@1.2.1","MIT","https://github.com/sindresorhus/camelcase"
"camelcase@2.1.1","MIT","https://github.com/sindresorhus/camelcase"
"camelcase@3.0.0","MIT","https://github.com/sindresorhus/camelcase"
"camelcase@4.1.0","MIT","https://github.com/sindresorhus/camelcase"
"caniuse-api@1.6.1","MIT","https://github.com/nyalab/caniuse-api"
"caniuse-api@2.0.0","MIT","https://github.com/nyalab/caniuse-api"
"caniuse-db@1.0.30000784","CC-BY-4.0","https://github.com/Fyrd/caniuse"
"caniuse-lite@1.0.30000784","CC-BY-4.0","https://github.com/ben-eb/caniuse-lite"
"caniuse-lite@1.0.30000787","CC-BY-4.0","https://github.com/ben-eb/caniuse-lite"
"case-management@0.0.1","UNLICENSED",""
"case-sensitive-paths-webpack-plugin@2.1.1","MIT","https://github.com/Urthen/case-sensitive-paths-webpack-plugin"
"caseless@0.11.0","Apache-2.0","https://github.com/mikeal/caseless"
"caseless@0.12.0","Apache-2.0","https://github.com/mikeal/caseless"
"ccount@1.0.2","MIT","https://github.com/wooorm/ccount"
"center-align@0.1.3","MIT","https://github.com/jonschlinkert/center-align"
"chain-function@1.0.0","MIT","https://github.com/jquense/chain-function"
"chalk@0.5.1","MIT","https://github.com/sindresorhus/chalk"
"chalk@1.1.3","MIT","https://github.com/chalk/chalk"
"chalk@2.3.0","MIT","https://github.com/chalk/chalk"
"character-entities-html4@1.1.1","MIT","https://github.com/wooorm/character-entities-html4"
"character-entities-legacy@1.1.1","MIT","https://github.com/wooorm/character-entities-legacy"
"character-entities@1.2.1","MIT","https://github.com/wooorm/character-entities"
"character-reference-invalid@1.1.1","MIT","https://github.com/wooorm/character-reference-invalid"
"chardet@0.4.2","MIT","https://github.com/runk/node-chardet"
"cheerio@1.0.0-rc.2","MIT","https://github.com/cheeriojs/cheerio"
"chokidar@1.7.0","MIT","https://github.com/paulmillr/chokidar"
"chownr@1.0.1","ISC","https://github.com/isaacs/chownr"
"ci-info@1.1.2","MIT","https://github.com/watson/ci-info"
"cipher-base@1.0.4","MIT","https://github.com/crypto-browserify/cipher-base"
"circular-json@0.3.3","MIT","https://github.com/WebReflection/circular-json"
"clap@1.2.3","MIT","https://github.com/lahmatiy/clap"
"classnames@2.2.5","MIT","https://github.com/JedWatson/classnames"
"cli-cursor@1.0.2","MIT","https://github.com/sindresorhus/cli-cursor"
"cli-cursor@2.1.0","MIT","https://github.com/sindresorhus/cli-cursor"
"cli-width@2.2.0","ISC","https://github.com/knownasilya/cli-width"
"cliui@2.1.0","ISC","https://github.com/bcoe/cliui"
"cliui@3.2.0","ISC","https://github.com/yargs/cliui"
"clone-deep@0.3.0","MIT","https://github.com/jonschlinkert/clone-deep"
"clone-regexp@1.0.0","MIT","https://github.com/sindresorhus/clone-regexp"
"clone@1.0.3","MIT","https://github.com/pvorb/node-clone"
"co@4.6.0","MIT","https://github.com/tj/co"
"coa@1.0.4","MIT","https://github.com/veged/coa"
"code-point-at@1.1.0","MIT","https://github.com/sindresorhus/code-point-at"
"coffeescript@2.1.1","MIT","https://github.com/jashkenas/coffeescript"
"collapse-white-space@1.0.3","MIT","https://github.com/wooorm/collapse-white-space"
"color-convert@1.9.1","MIT","https://github.com/Qix-/color-convert"
"color-name@1.1.3","MIT","https://github.com/dfcreative/color-name"
"color-string@0.3.0","MIT","https://github.com/harthur/color-string"
"color-string@1.5.2","MIT","https://github.com/Qix-/color-string"
"color@0.11.4","MIT","https://github.com/Qix-/color"
"color@1.0.3","MIT","https://github.com/Qix-/color"
"color@2.0.1","MIT","https://github.com/Qix-/color"
"colormin@1.1.2","MIT","https://github.com/ben-eb/colormin"
"colors@0.5.1","Custom: http://i.imgur.com/goJdO.png","https://github.com/Marak/colors.js"
"colors@1.1.2","MIT","https://github.com/Marak/colors.js"
"combined-stream@1.0.5","MIT","https://github.com/felixge/node-combined-stream"
"commander@2.12.2","MIT","https://github.com/tj/commander.js"
"commondir@1.0.1","MIT","https://github.com/substack/node-commondir"
"compressible@2.0.12","MIT","https://github.com/jshttp/compressible"
"compression-webpack-plugin@1.1.3","MIT","https://github.com/webpack-contrib/compression-webpack-plugin"
"compression@1.7.1","MIT","https://github.com/expressjs/compression"
"concat-map@0.0.1","MIT","https://github.com/substack/node-concat-map"
"concat-stream@1.6.0","MIT","https://github.com/maxogden/concat-stream"
"connect-history-api-fallback@1.5.0","MIT","https://github.com/bripkens/connect-history-api-fallback"
"console-browserify@1.1.0","MIT","https://github.com/Raynos/console-browserify"
"console-control-strings@1.1.0","ISC","https://github.com/iarna/console-control-strings"
"constants-browserify@1.0.0","MIT","https://github.com/juliangruber/constants-browserify"
"contains-path@0.1.0","MIT","https://github.com/jonschlinkert/contains-path"
"content-disposition@0.5.2","MIT","https://github.com/jshttp/content-disposition"
"content-type-parser@1.0.2","MIT","https://github.com/jsdom/content-type-parser"
"content-type@1.0.4","MIT","https://github.com/jshttp/content-type"
"convert-source-map@1.5.1","MIT","https://github.com/thlorenz/convert-source-map"
"cookie-signature@1.0.6","MIT","https://github.com/visionmedia/node-cookie-signature"
"cookie@0.3.1","MIT","https://github.com/jshttp/cookie"
"copy-concurrently@1.0.5","ISC","https://github.com/npm/copy-concurrently"
"copyfiles@1.2.0","ISC","https://github.com/calvinmetcalf/copyfiles"
"core-js@1.2.7","MIT","https://github.com/zloirock/core-js"
"core-js@2.5.3","MIT","https://github.com/zloirock/core-js"
"core-util-is@1.0.2","MIT","https://github.com/isaacs/core-util-is"
"cosmiconfig@2.2.2","MIT","https://github.com/davidtheclark/cosmiconfig"
"cosmiconfig@3.1.0","MIT","https://github.com/davidtheclark/cosmiconfig"
"create-ecdh@4.0.0","MIT","https://github.com/crypto-browserify/createECDH"
"create-hash@1.1.3","MIT","https://github.com/crypto-browserify/createHash"
"create-hmac@1.1.6","MIT","https://github.com/crypto-browserify/createHmac"
"create-react-class@15.6.2","MIT","https://github.com/facebook/react"
"cross-spawn@3.0.1","MIT","https://github.com/IndigoUnited/node-cross-spawn"
"cross-spawn@5.1.0","MIT","https://github.com/IndigoUnited/node-cross-spawn"
"cryptiles@2.0.5","BSD-3-Clause","https://github.com/hapijs/cryptiles"
"cryptiles@3.1.2","BSD-3-Clause","https://github.com/hapijs/cryptiles"
"crypto-browserify@3.12.0","MIT","https://github.com/crypto-browserify/crypto-browserify"
"css-color-function@1.3.3","MIT","https://github.com/ianstormtaylor/css-color-function"
"css-color-names@0.0.4","MIT","https://github.com/bahamas10/css-color-names"
"css-loader@0.28.7","MIT","https://github.com/webpack/css-loader"
"css-select@1.2.0","BSD*","https://github.com/fb55/css-select"
"css-selector-tokenizer@0.7.0","MIT","https://github.com/css-modules/css-selector-tokenizer"
"css-unit-converter@1.1.1","MIT","https://github.com/andyjansson/css-unit-converter"
"css-what@2.1.0","BSD*","https://github.com/fb55/css-what"
"cssesc@0.1.0","MIT","https://github.com/mathiasbynens/cssesc"
"cssnano@3.10.0","MIT","https://github.com/ben-eb/cssnano"
"csso@2.3.2","MIT","https://github.com/css/csso"
"cssom@0.3.2","MIT","https://github.com/NV/CSSOM"
"cssstyle@0.2.37","MIT","https://github.com/chad3814/CSSStyleDeclaration"
"currently-unhandled@0.4.1","MIT","https://github.com/jamestalmage/currently-unhandled"
"cyclist@0.2.2","MIT*","https://github.com/mafintosh/cyclist"
"d@1.0.0","MIT","https://github.com/medikoo/d"
"damerau-levenshtein@1.0.4","BSD-2-Clause","https://github.com/lzrski/node-damerau-levenshtein"
"dashdash@1.14.1","MIT","https://github.com/trentm/node-dashdash"
"date-now@0.1.4","MIT","https://github.com/Colingo/date-now"
"debug@2.6.8","MIT","https://github.com/visionmedia/debug"
"debug@2.6.9","MIT","https://github.com/visionmedia/debug"
"debug@3.1.0","MIT","https://github.com/visionmedia/debug"
"debuglog@1.0.1","MIT","https://github.com/sam-github/node-debuglog"
"decamelize-keys@1.1.0","MIT","https://github.com/dsblv/decamelize-keys"
"decamelize@1.2.0","MIT","https://github.com/sindresorhus/decamelize"
"deep-equal@1.0.1","MIT","https://github.com/substack/node-deep-equal"
"deep-extend@0.4.2","MIT","https://github.com/unclechu/node-deep-extend"
"deep-is@0.1.3","MIT","https://github.com/thlorenz/deep-is"
"default-require-extensions@1.0.0","MIT","https://github.com/jamestalmage/default-require-extensions"
"define-properties@1.1.2","MIT","https://github.com/ljharb/define-properties"
"defined@1.0.0","MIT","https://github.com/substack/defined"
"del@2.2.2","MIT","https://github.com/sindresorhus/del"
"del@3.0.0","MIT","https://github.com/sindresorhus/del"
"delayed-stream@1.0.0","MIT","https://github.com/felixge/node-delayed-stream"
"delegates@1.0.0","MIT","https://github.com/visionmedia/node-delegates"
"depd@1.1.1","MIT","https://github.com/dougwilson/nodejs-depd"
"des.js@1.0.0","MIT","https://github.com/indutny/des.js"
"destroy@1.0.4","MIT","https://github.com/stream-utils/destroy"
"detect-indent@4.0.0","MIT","https://github.com/sindresorhus/detect-indent"
"detect-libc@1.0.2","Apache-2.0","https://github.com/lovell/detect-libc"
"detect-libc@1.0.3","Apache-2.0","https://github.com/lovell/detect-libc"
"detect-node@2.0.3","ISC","https://github.com/iliakan/detect-node"
"dezalgo@1.0.3","ISC","https://github.com/npm/dezalgo"
"diff@3.4.0","BSD-3-Clause","https://github.com/kpdecker/jsdiff"
"diffie-hellman@5.0.2","MIT","https://github.com/crypto-browserify/diffie-hellman"
"dir-glob@2.0.0","MIT","https://github.com/kevva/dir-glob"
"discontinuous-range@1.0.0","MIT","https://github.com/dtudury/discontinuous-range"
"dns-equal@1.0.0","MIT","https://github.com/watson/dns-equal"
"dns-packet@1.2.2","MIT","https://github.com/mafintosh/dns-packet"
"dns-txt@2.0.2","MIT","https://github.com/watson/dns-txt"
"doctrine@1.5.0","BSD","https://github.com/eslint/doctrine"
"doctrine@2.0.2","Apache-2.0","https://github.com/eslint/doctrine"
"dom-helpers@3.3.1","MIT","https://github.com/jquense/dom-helpers"
"dom-serializer@0.1.0","MIT","https://github.com/cheeriojs/dom-renderer"
"domain-browser@1.1.7","MIT","https://github.com/bevry/domain-browser"
"domelementtype@1.1.3","BSD*","https://github.com/FB55/domelementtype"
"domelementtype@1.3.0","BSD*","https://github.com/FB55/domelementtype"
"domhandler@2.4.1","BSD-2-Clause","https://github.com/fb55/DomHandler"
"domutils@1.5.1","BSD*","https://github.com/FB55/domutils"
"domutils@1.6.2","BSD-2-Clause","https://github.com/FB55/domutils"
"dot-prop@4.2.0","MIT","https://github.com/sindresorhus/dot-prop"
"duplexer@0.1.1","MIT","https://github.com/Raynos/duplexer"
"duplexify@3.5.1","MIT","https://github.com/mafintosh/duplexify"
"ecc-jsbn@0.1.1","MIT","https://github.com/quartzjer/ecc-jsbn"
"ee-first@1.1.1","MIT","https://github.com/jonathanong/ee-first"
"electron-releases@2.1.0","MIT","https://github.com/electron/electron-releases"
"electron-to-chromium@1.3.30","ISC","https://github.com/kilian/electron-to-chromium"
"elliptic@6.4.0","MIT","https://github.com/indutny/elliptic"
"emoji-regex@6.5.1","MIT","https://github.com/mathiasbynens/emoji-regex"
"emojis-list@2.1.0","MIT","https://github.com/kikobeats/emojis-list"
"encodeurl@1.0.1","MIT","https://github.com/pillarjs/encodeurl"
"encoding@0.1.12","MIT","https://github.com/andris9/encoding"
"end-of-stream@1.4.0","MIT","https://github.com/mafintosh/end-of-stream"
"enhanced-resolve@3.4.1","MIT","https://github.com/webpack/enhanced-resolve"
"entities@1.1.1","BSD*","https://github.com/fb55/node-entities"
"enzyme-adapter-react-16@1.1.1","MIT","https://github.com/airbnb/enzyme"
"enzyme-adapter-utils@1.3.0","MIT","https://github.com/airbnb/enzyme"
"enzyme@3.3.0","MIT","https://github.com/airbnb/enzyme"
"errno@0.1.6","MIT","https://github.com/rvagg/node-errno"
"error-ex@1.3.1","MIT","https://github.com/qix-/node-error-ex"
"es-abstract@1.10.0","MIT","https://github.com/ljharb/es-abstract"
"es-to-primitive@1.1.1","MIT","https://github.com/ljharb/es-to-primitive"
"es5-ext@0.10.37","MIT","https://github.com/medikoo/es5-ext"
"es6-iterator@2.0.3","MIT","https://github.com/medikoo/es6-iterator"
"es6-map@0.1.5","MIT","https://github.com/medikoo/es6-map"
"es6-set@0.1.5","MIT","https://github.com/medikoo/es6-set"
"es6-symbol@3.1.1","MIT","https://github.com/medikoo/es6-symbol"
"es6-weak-map@2.0.2","MIT","https://github.com/medikoo/es6-weak-map"
"escape-html@1.0.3","MIT","https://github.com/component/escape-html"
"escape-string-regexp@1.0.5","MIT","https://github.com/sindresorhus/escape-string-regexp"
"escodegen@1.9.0","BSD-2-Clause","https://github.com/estools/escodegen"
"escope@3.6.0","BSD-2-Clause","https://github.com/estools/escope"
"eslint-config-prettier@2.9.0","MIT","https://github.com/prettier/eslint-config-prettier"
"eslint-config-standard@10.2.1","MIT","https://github.com/feross/eslint-config-standard"
"eslint-import-resolver-node@0.3.1","MIT","https://github.com/benmosher/eslint-plugin-import"
"eslint-loader@1.9.0","MIT","https://github.com/MoOx/eslint-loader"
"eslint-module-utils@2.1.1","MIT","https://github.com/benmosher/eslint-plugin-import"
"eslint-plugin-import@2.8.0","MIT","https://github.com/benmosher/eslint-plugin-import"
"eslint-plugin-jasmine@2.9.1","MIT","https://github.com/tlvince/eslint-plugin-jasmine"
"eslint-plugin-jest@21.5.0","MIT","https://github.com/jest-community/eslint-plugin-jest"
"eslint-plugin-jsx-a11y@6.0.3","MIT","https://github.com/evcohen/eslint-plugin-jsx-a11y"
"eslint-plugin-no-unsanitized@2.0.2","MPL-2.0","https://github.com/mozilla/eslint-plugin-no-unsanitized/issues"
"eslint-plugin-node@5.2.1","MIT","https://github.com/mysticatea/eslint-plugin-node"
"eslint-plugin-prettier@2.4.0","MIT","https://github.com/prettier/eslint-plugin-prettier"
"eslint-plugin-promise@3.6.0","ISC","https://github.com/xjamundx/eslint-plugin-promise"
"eslint-plugin-react@7.5.1","MIT","https://github.com/yannickcr/eslint-plugin-react"
"eslint-plugin-standard@3.0.1","MIT","https://github.com/xjamundx/eslint-plugin-standard"
"eslint-scope@3.7.1","BSD-2-Clause","https://github.com/eslint/eslint-scope"
"eslint-visitor-keys@1.0.0","Apache-2.0","https://github.com/eslint/eslint-visitor-keys"
"eslint@3.19.0","MIT","https://github.com/eslint/eslint"
"eslint@4.14.0","MIT","https://github.com/eslint/eslint"
"espree@3.5.2","BSD-2-Clause","https://github.com/eslint/espree"
"esprima@2.7.3","BSD-2-Clause","https://github.com/jquery/esprima"
"esprima@3.1.3","BSD-2-Clause","https://github.com/jquery/esprima"
"esprima@4.0.0","BSD-2-Clause","https://github.com/jquery/esprima"
"esquery@1.0.0","BSD*","https://github.com/jrfeenst/esquery"
"esrecurse@4.2.0","BSD-2-Clause","https://github.com/estools/esrecurse"
"estraverse@4.2.0","BSD-2-Clause","https://github.com/estools/estraverse"
"esutils@2.0.2","BSD","https://github.com/estools/esutils"
"etag@1.8.1","MIT","https://github.com/jshttp/etag"
"event-emitter@0.3.5","MIT","https://github.com/medikoo/event-emitter"
"event-stream@3.3.4","MIT","https://github.com/dominictarr/event-stream"
"eventemitter3@1.2.0","MIT","https://github.com/primus/eventemitter3"
"events@1.1.1","MIT","https://github.com/Gozala/events"
"eventsource@0.1.6","MIT","https://github.com/aslakhellesoy/eventsource-node"
"evp_bytestokey@1.0.3","MIT","https://github.com/crypto-browserify/EVP_BytesToKey"
"exec-sh@0.2.1","MIT","https://github.com/tsertkov/exec-sh"
"execa@0.7.0","MIT","https://github.com/sindresorhus/execa"
"execall@1.0.0","MIT","https://github.com/sindresorhus/execall"
"exit-hook@1.1.1","MIT","https://github.com/sindresorhus/exit-hook"
"expand-brackets@0.1.5","MIT","https://github.com/jonschlinkert/expand-brackets"
"expand-range@1.8.2","MIT","https://github.com/jonschlinkert/expand-range"
"expect@21.2.1","MIT","https://github.com/facebook/jest"
"express@4.16.2","MIT","https://github.com/expressjs/express"
"extend@3.0.1","MIT","https://github.com/justmoon/node-extend"
"external-editor@2.1.0","MIT","https://github.com/mrkmg/node-external-editor"
"extglob@0.3.2","MIT","https://github.com/jonschlinkert/extglob"
"extract-text-webpack-plugin@3.0.2","MIT","https://github.com/webpack-contrib/extract-text-webpack-plugin"
"extsprintf@1.0.2","MIT*","https://github.com/davepacheco/node-extsprintf"
"extsprintf@1.3.0","MIT","https://github.com/davepacheco/node-extsprintf"
"extsprintf@1.4.0","MIT","https://github.com/davepacheco/node-extsprintf"
"fast-deep-equal@1.0.0","MIT","https://github.com/epoberezkin/fast-deep-equal"
"fast-diff@1.1.2","Apache-2.0","https://github.com/jhchen/fast-diff"
"fast-json-stable-stringify@2.0.0","MIT","https://github.com/epoberezkin/fast-json-stable-stringify"
"fast-levenshtein@2.0.6","MIT","https://github.com/hiddentao/fast-levenshtein"
"fastparse@1.1.1","MIT","https://github.com/webpack/fastparse"
"faye-websocket@0.10.0","MIT","https://github.com/faye/faye-websocket-node"
"faye-websocket@0.11.1","MIT","https://github.com/faye/faye-websocket-node"
"fb-watchman@2.0.0","Apache-2.0","https://github.com/facebook/watchman"
"fbjs@0.8.16","MIT","https://github.com/facebook/fbjs"
"figures@1.7.0","MIT","https://github.com/sindresorhus/figures"
"figures@2.0.0","MIT","https://github.com/sindresorhus/figures"
"file-entry-cache@2.0.0","MIT","https://github.com/royriojas/file-entry-cache"
"file-loader@1.1.6","MIT","https://github.com/webpack/file-loader"
"filename-regex@2.0.1","MIT","https://github.com/regexhq/filename-regex"
"fileset@2.0.3","MIT","https://github.com/mklabs/node-fileset"
"fill-range@2.2.3","MIT","https://github.com/jonschlinkert/fill-range"
"finalhandler@1.1.0","MIT","https://github.com/pillarjs/finalhandler"
"find-cache-dir@0.1.1","MIT","https://github.com/jamestalmage/find-cache-dir"
"find-cache-dir@1.0.0","MIT","https://github.com/avajs/find-cache-dir"
"find-up@1.1.2","MIT","https://github.com/sindresorhus/find-up"
"find-up@2.1.0","MIT","https://github.com/sindresorhus/find-up"
"flat-cache@1.3.0","MIT","https://github.com/royriojas/flat-cache"
"flatten@1.0.2","MIT","https://github.com/jesusabdullah/node-flatten"
"flush-write-stream@1.0.2","MIT","https://github.com/mafintosh/flush-write-stream"
"follow-redirects@1.2.6","MIT","https://github.com/olalonde/follow-redirects"
"follow-redirects@1.3.0","MIT","https://github.com/olalonde/follow-redirects"
"for-in@0.1.8","MIT","https://github.com/jonschlinkert/for-in"
"for-in@1.0.2","MIT","https://github.com/jonschlinkert/for-in"
"for-own@0.1.5","MIT","https://github.com/jonschlinkert/for-own"
"for-own@1.0.0","MIT","https://github.com/jonschlinkert/for-own"
"foreach@2.0.5","MIT","https://github.com/manuelstofer/foreach"
"forever-agent@0.6.1","Apache-2.0","https://github.com/mikeal/forever-agent"
"form-data@2.1.4","MIT","https://github.com/form-data/form-data"
"form-data@2.3.1","MIT","https://github.com/form-data/form-data"
"forwarded@0.1.2","MIT","https://github.com/jshttp/forwarded"
"fresh@0.5.2","MIT","https://github.com/jshttp/fresh"
"from2@2.3.0","MIT","https://github.com/hughsk/from2"
"from@0.1.7","MIT","https://github.com/dominictarr/from"
"fs-extra@0.30.0","MIT","https://github.com/jprichardson/node-fs-extra"
"fs-readdir-recursive@1.1.0","MIT","https://github.com/fs-utils/fs-readdir-recursive"
"fs-write-stream-atomic@1.0.10","ISC","https://github.com/npm/fs-write-stream-atomic"
"fs.realpath@1.0.0","ISC","https://github.com/isaacs/fs.realpath"
"fsevents@1.1.3","MIT","https://github.com/strongloop/fsevents"
"fstream-ignore@1.0.5","ISC","https://github.com/isaacs/fstream-ignore"
"fstream@1.0.11","ISC","https://github.com/npm/fstream"
"function-bind@1.1.1","MIT","https://github.com/Raynos/function-bind"
"function.prototype.name@1.1.0","MIT","https://github.com/ljharb/function.prototype.name"
"functional-red-black-tree@1.0.1","MIT","https://github.com/mikolalysenko/functional-red-black-tree"
"gauge@2.7.4","ISC","https://github.com/iarna/gauge"
"gaze@1.1.2","MIT","https://github.com/shama/gaze"
"generate-function@2.0.0","MIT","https://github.com/mafintosh/generate-function"
"generate-object-property@1.2.0","MIT","https://github.com/mafintosh/generate-object-property"
"get-caller-file@1.0.2","ISC","https://github.com/stefanpenner/get-caller-file"
"get-stdin@4.0.1","MIT","https://github.com/sindresorhus/get-stdin"
"get-stdin@5.0.1","MIT","https://github.com/sindresorhus/get-stdin"
"get-stream@3.0.0","MIT","https://github.com/sindresorhus/get-stream"
"getpass@0.1.7","MIT","https://github.com/arekinath/node-getpass"
"glob-base@0.3.0","MIT","https://github.com/jonschlinkert/glob-base"
"glob-parent@2.0.0","ISC","https://github.com/es128/glob-parent"
"glob@6.0.4","ISC","https://github.com/isaacs/node-glob"
"glob@7.1.2","ISC","https://github.com/isaacs/node-glob"
"globals@10.4.0","MIT","https://github.com/sindresorhus/globals"
"globals@11.1.0","MIT","https://github.com/sindresorhus/globals"
"globals@9.18.0","MIT","https://github.com/sindresorhus/globals"
"globby@5.0.0","MIT","https://github.com/sindresorhus/globby"
"globby@6.1.0","MIT","https://github.com/sindresorhus/globby"
"globby@7.1.1","MIT","https://github.com/sindresorhus/globby"
"globjoin@0.1.4","MIT","https://github.com/amobiz/globjoin"
"globule@1.2.0","MIT","https://github.com/cowboy/node-globule"
"gonzales-pe@4.2.3","MIT","https://github.com/tonyganch/gonzales-pe"
"graceful-fs@4.1.11","ISC","https://github.com/isaacs/node-graceful-fs"
"growly@1.3.0","MIT","https://github.com/theabraham/growly"
"handle-thing@1.2.5","MIT","https://github.com/indutny/handle-thing"
"handlebars@4.0.11","MIT","https://github.com/wycats/handlebars.js"
"har-schema@1.0.5","ISC","https://github.com/ahmadnassri/har-schema"
"har-schema@2.0.0","ISC","https://github.com/ahmadnassri/har-schema"
"har-validator@2.0.6","ISC","https://github.com/ahmadnassri/har-validator"
"har-validator@4.2.1","ISC","https://github.com/ahmadnassri/har-validator"
"har-validator@5.0.3","ISC","https://github.com/ahmadnassri/har-validator"
"has-ansi@0.1.0","MIT","https://github.com/sindresorhus/has-ansi"
"has-ansi@2.0.0","MIT","https://github.com/sindresorhus/has-ansi"
"has-flag@1.0.0","MIT","https://github.com/sindresorhus/has-flag"
"has-flag@2.0.0","MIT","https://github.com/sindresorhus/has-flag"
"has-symbols@1.0.0","MIT","https://github.com/ljharb/has-symbols"
"has-unicode@2.0.1","ISC","https://github.com/iarna/has-unicode"
"has@1.0.1","MIT","https://github.com/tarruda/has"
"hash-base@2.0.2","MIT","https://github.com/crypto-browserify/hash-base"
"hash-base@3.0.4","MIT","https://github.com/crypto-browserify/hash-base"
"hash.js@1.1.3","MIT","https://github.com/indutny/hash.js"
"hawk@3.1.3","BSD-3-Clause","https://github.com/hueniverse/hawk"
"hawk@6.0.2","BSD-3-Clause","https://github.com/hueniverse/hawk"
"hmac-drbg@1.0.1","MIT","https://github.com/indutny/hmac-drbg"
"hoek@2.16.3","BSD-3-Clause","https://github.com/hapijs/hoek"
"hoek@4.2.0","BSD-3-Clause","https://github.com/hapijs/hoek"
"home-or-tmp@2.0.0","MIT","https://github.com/sindresorhus/home-or-tmp"
"hosted-git-info@2.5.0","ISC","https://github.com/npm/hosted-git-info"
"hpack.js@2.1.6","MIT","https://github.com/indutny/hpack.js"
"html-comment-regex@1.1.1","MIT","https://github.com/stevemao/html-comment-regex"
"html-encoding-sniffer@1.0.2","MIT","https://github.com/jsdom/html-encoding-sniffer"
"html-entities@1.2.1","MIT","https://github.com/mdevils/node-html-entities"
"html-tags@2.0.0","MIT","https://github.com/sindresorhus/html-tags"
"htmlparser2@3.9.2","MIT","https://github.com/fb55/htmlparser2"
"http-deceiver@1.2.7","MIT","https://github.com/indutny/http-deceiver"
"http-errors@1.6.2","MIT","https://github.com/jshttp/http-errors"
"http-parser-js@0.4.9","MIT","https://github.com/creationix/http-parser-js"
"http-proxy-middleware@0.17.4","MIT","https://github.com/chimurai/http-proxy-middleware"
"http-proxy@1.16.2","MIT","https://github.com/nodejitsu/node-http-proxy"
"http-signature@1.1.1","MIT","https://github.com/joyent/node-http-signature"
"http-signature@1.2.0","MIT","https://github.com/joyent/node-http-signature"
"https-browserify@1.0.0","MIT","https://github.com/substack/https-browserify"
"iconv-lite@0.4.19","MIT","https://github.com/ashtuchkin/iconv-lite"
"icss-replace-symbols@1.1.0","ISC","https://github.com/css-modules/icss-replace-symbols"
"icss-utils@2.1.0","ISC","https://github.com/css-modules/icss-utils"
"ieee754@1.1.8","BSD-3-Clause","https://github.com/feross/ieee754"
"iferr@0.1.5","MIT","https://github.com/shesek/iferr"
"ignore@3.3.7","MIT","https://github.com/kaelzhang/node-ignore"
"import-local@0.1.1","MIT","https://github.com/sindresorhus/import-local"
"imurmurhash@0.1.4","MIT","https://github.com/jensyt/imurmurhash-js"
"in-publish@2.0.0","ISC","https://github.com/iarna/in-publish"
"indent-string@2.1.0","MIT","https://github.com/sindresorhus/indent-string"
"indent-string@3.2.0","MIT","https://github.com/sindresorhus/indent-string"
"indexes-of@1.0.1","MIT","https://github.com/dominictarr/indexes-of"
"indexof@0.0.1","MIT*",""
"inflight@1.0.6","ISC","https://github.com/npm/inflight"
"inherits@2.0.1","ISC","https://github.com/isaacs/inherits"
"inherits@2.0.3","ISC","https://github.com/isaacs/inherits"
"ini@1.3.4","ISC","https://github.com/isaacs/ini"
"ini@1.3.5","ISC","https://github.com/isaacs/ini"
"inquirer@0.12.0","MIT","https://github.com/SBoudrias/Inquirer.js"
"inquirer@3.3.0","MIT","https://github.com/SBoudrias/Inquirer.js"
"internal-ip@1.2.0","MIT","https://github.com/sindresorhus/internal-ip"
"interpret@1.1.0","MIT","https://github.com/tkellen/node-interpret"
"invariant@2.2.2","BSD-3-Clause","https://github.com/zertosh/invariant"
"invert-kv@1.0.0","MIT","https://github.com/sindresorhus/invert-kv"
"ip@1.1.5","MIT","https://github.com/indutny/node-ip"
"ipaddr.js@1.5.2","MIT","https://github.com/whitequark/ipaddr.js"
"is-absolute-url@2.1.0","MIT","https://github.com/sindresorhus/is-absolute-url"
"is-alphabetical@1.0.1","MIT","https://github.com/wooorm/is-alphabetical"
"is-alphanumeric@1.0.0","MIT","https://github.com/arthurvr/is-alphanumeric"
"is-alphanumerical@1.0.1","MIT","https://github.com/wooorm/is-alphanumerical"
"is-arrayish@0.2.1","MIT","https://github.com/qix-/node-is-arrayish"
"is-arrayish@0.3.1","MIT","https://github.com/qix-/node-is-arrayish"
"is-binary-path@1.0.1","MIT","https://github.com/sindresorhus/is-binary-path"
"is-boolean-object@1.0.0","MIT","https://github.com/ljharb/is-boolean-object"
"is-buffer@1.1.6","MIT","https://github.com/feross/is-buffer"
"is-builtin-module@1.0.0","MIT","https://github.com/sindresorhus/is-builtin-module"
"is-callable@1.1.3","MIT","https://github.com/ljharb/is-callable"
"is-ci@1.1.0","MIT","https://github.com/watson/is-ci"
"is-date-object@1.0.1","MIT","https://github.com/ljharb/is-date-object"
"is-decimal@1.0.1","MIT","https://github.com/wooorm/is-decimal"
"is-directory@0.3.1","MIT","https://github.com/jonschlinkert/is-directory"
"is-dotfile@1.0.3","MIT","https://github.com/jonschlinkert/is-dotfile"
"is-equal-shallow@0.1.3","MIT","https://github.com/jonschlinkert/is-equal-shallow"
"is-extendable@0.1.1","MIT","https://github.com/jonschlinkert/is-extendable"
"is-extglob@1.0.0","MIT","https://github.com/jonschlinkert/is-extglob"
"is-extglob@2.1.1","MIT","https://github.com/jonschlinkert/is-extglob"
"is-finite@1.0.2","MIT","https://github.com/sindresorhus/is-finite"
"is-fullwidth-code-point@1.0.0","MIT","https://github.com/sindresorhus/is-fullwidth-code-point"
"is-fullwidth-code-point@2.0.0","MIT","https://github.com/sindresorhus/is-fullwidth-code-point"
"is-glob@2.0.1","MIT","https://github.com/jonschlinkert/is-glob"
"is-glob@3.1.0","MIT","https://github.com/jonschlinkert/is-glob"
"is-hexadecimal@1.0.1","MIT","https://github.com/wooorm/is-hexadecimal"
"is-my-json-valid@2.17.1","MIT","https://github.com/mafintosh/is-my-json-valid"
"is-number-object@1.0.3","MIT","https://github.com/ljharb/is-number-object"
"is-number@2.1.0","MIT","https://github.com/jonschlinkert/is-number"
"is-number@3.0.0","MIT","https://github.com/jonschlinkert/is-number"
"is-obj@1.0.1","MIT","https://github.com/sindresorhus/is-obj"
"is-path-cwd@1.0.0","MIT","https://github.com/sindresorhus/is-path-cwd"
"is-path-in-cwd@1.0.0","MIT","https://github.com/sindresorhus/is-path-in-cwd"
"is-path-inside@1.0.1","MIT","https://github.com/sindresorhus/is-path-inside"
"is-plain-obj@1.1.0","MIT","https://github.com/sindresorhus/is-plain-obj"
"is-plain-object@2.0.4","MIT","https://github.com/jonschlinkert/is-plain-object"
"is-posix-bracket@0.1.1","MIT","https://github.com/jonschlinkert/is-posix-bracket"
"is-primitive@2.0.0","MIT","https://github.com/jonschlinkert/is-primitive"
"is-promise@2.1.0","MIT","https://github.com/then/is-promise"
"is-property@1.0.2","MIT","https://github.com/mikolalysenko/is-property"
"is-regex@1.0.4","MIT","https://github.com/ljharb/is-regex"
"is-regexp@1.0.0","MIT","https://github.com/sindresorhus/is-regexp"
"is-resolvable@1.0.1","MIT","https://github.com/shinnn/is-resolvable"
"is-stream@1.1.0","MIT","https://github.com/sindresorhus/is-stream"
"is-string@1.0.4","MIT","https://github.com/ljharb/is-string"
"is-subset@0.1.1","MIT","https://github.com/studio-b12/is-subset"
"is-supported-regexp-flag@1.0.0","MIT","https://github.com/sindresorhus/is-supported-regexp-flag"
"is-svg@2.1.0","MIT","https://github.com/sindresorhus/is-svg"
"is-symbol@1.0.1","MIT","https://github.com/ljharb/is-symbol"
"is-typedarray@1.0.0","MIT","https://github.com/hughsk/is-typedarray"
"is-utf8@0.2.1","MIT","https://github.com/wayfind/is-utf8"
"is-whitespace-character@1.0.1","MIT","https://github.com/wooorm/is-whitespace-character"
"is-word-character@1.0.1","MIT","https://github.com/wooorm/is-word-character"
"is-wsl@1.1.0","MIT","https://github.com/sindresorhus/is-wsl"
"isarray@0.0.1","MIT","https://github.com/juliangruber/isarray"
"isarray@1.0.0","MIT","https://github.com/juliangruber/isarray"
"isexe@2.0.0","ISC","https://github.com/isaacs/isexe"
"isnumeric@0.2.0","Custom: https://travis-ci.org/leecrossley/isNumeric.png","https://github.com/leecrossley/isNumeric"
"isobject@2.1.0","MIT","https://github.com/jonschlinkert/isobject"
"isobject@3.0.1","MIT","https://github.com/jonschlinkert/isobject"
"isomorphic-fetch@2.2.1","MIT","https://github.com/matthew-andrews/isomorphic-fetch"
"isstream@0.1.2","MIT","https://github.com/rvagg/isstream"
"istanbul-api@1.2.1","BSD-3-Clause","https://github.com/istanbuljs/istanbuljs"
"istanbul-lib-coverage@1.1.1","BSD-3-Clause","https://github.com/istanbuljs/istanbuljs"
"istanbul-lib-hook@1.1.0","BSD-3-Clause","https://github.com/istanbuljs/istanbuljs"
"istanbul-lib-instrument@1.9.1","BSD-3-Clause","https://github.com/istanbuljs/istanbuljs"
"istanbul-lib-report@1.1.2","BSD-3-Clause","https://github.com/istanbuljs/istanbuljs"
"istanbul-lib-source-maps@1.2.2","BSD-3-Clause","https://github.com/istanbuljs/istanbuljs"
"istanbul-reports@1.1.3","BSD-3-Clause","https://github.com/istanbuljs/istanbuljs"
"jest-changed-files@21.2.0","MIT","https://github.com/facebook/jest"
"jest-cli@21.2.1","MIT","https://github.com/facebook/jest"
"jest-config@21.2.1","MIT","https://github.com/facebook/jest"
"jest-diff@21.2.1","MIT","https://github.com/facebook/jest"
"jest-docblock@21.2.0","MIT","https://github.com/facebook/jest"
"jest-environment-jsdom@21.2.1","MIT","https://github.com/facebook/jest"
"jest-environment-node@21.2.1","MIT","https://github.com/facebook/jest"
"jest-get-type@21.2.0","MIT","https://github.com/facebook/jest"
"jest-haste-map@21.2.0","MIT","https://github.com/facebook/jest"
"jest-jasmine2@21.2.1","MIT","https://github.com/facebook/jest"
"jest-matcher-utils@21.2.1","MIT","https://github.com/facebook/jest"
"jest-message-util@21.2.1","MIT","https://github.com/facebook/jest"
"jest-mock@21.2.0","MIT","https://github.com/facebook/jest"
"jest-regex-util@21.2.0","MIT","https://github.com/facebook/jest"
"jest-resolve-dependencies@21.2.0","MIT","https://github.com/facebook/jest"
"jest-resolve@21.2.0","MIT","https://github.com/facebook/jest"
"jest-runner@21.2.1","MIT","https://github.com/facebook/jest"
"jest-runtime@21.2.1","MIT","https://github.com/facebook/jest"
"jest-snapshot@21.2.1","MIT","https://github.com/facebook/jest"
"jest-util@21.2.1","MIT","https://github.com/facebook/jest"
"jest-validate@21.2.1","MIT","https://github.com/facebook/jest"
"jest@21.2.1","MIT","https://github.com/facebook/jest"
"jodid25519@1.0.2","MIT","https://github.com/meganz/jodid25519"
"js-base64@2.4.0","BSD-3-Clause","https://github.com/dankogai/js-base64"
"js-tokens@3.0.2","MIT","https://github.com/lydell/js-tokens"
"js-yaml@3.10.0","MIT","https://github.com/nodeca/js-yaml"
"js-yaml@3.7.0","MIT","https://github.com/nodeca/js-yaml"
"jsbn@0.1.1","MIT","https://github.com/andyperlitch/jsbn"
"jsdom@9.12.0","MIT","https://github.com/tmpvar/jsdom"
"jsesc@0.5.0","MIT","https://github.com/mathiasbynens/jsesc"
"jsesc@1.3.0","MIT","https://github.com/mathiasbynens/jsesc"
"json-loader@0.5.7","MIT","https://github.com/webpack/json-loader"
"json-parse-better-errors@1.0.1","MIT","https://github.com/zkat/json-parse-better-errors"
"json-schema-traverse@0.3.1","MIT","https://github.com/epoberezkin/json-schema-traverse"
"json-schema@0.2.3","AFLv2.1,BSD","https://github.com/kriszyp/json-schema"
"json-stable-stringify-without-jsonify@1.0.1","MIT","https://github.com/samn/json-stable-stringify"
"json-stable-stringify@1.0.1","MIT","https://github.com/substack/json-stable-stringify"
"json-stringify-safe@5.0.1","ISC","https://github.com/isaacs/json-stringify-safe"
"json3@3.3.2","MIT","https://github.com/bestiejs/json3"
"json5@0.5.1","MIT","https://github.com/aseemk/json5"
"jsonfile@2.4.0","MIT","https://github.com/jprichardson/node-jsonfile"
"jsonify@0.0.0","Public Domain","https://github.com/substack/jsonify"
"jsonpointer@4.0.1","MIT","https://github.com/janl/node-jsonpointer"
"jsprim@1.4.0","MIT","https://github.com/joyent/node-jsprim"
"jsprim@1.4.1","MIT","https://github.com/joyent/node-jsprim"
"jsx-ast-utils@2.0.1","MIT","https://github.com/evcohen/jsx-ast-utils"
"killable@1.0.0","ISC","https://github.com/marten-de-vries/killable"
"kind-of@2.0.1","MIT","https://github.com/jonschlinkert/kind-of"
"kind-of@3.2.2","MIT","https://github.com/jonschlinkert/kind-of"
"kind-of@4.0.0","MIT","https://github.com/jonschlinkert/kind-of"
"klaw@1.3.1","MIT","https://github.com/jprichardson/node-klaw"
"known-css-properties@0.5.0","MIT","https://github.com/betit/known-css-properties"
"lazy-cache@0.2.7","MIT","https://github.com/jonschlinkert/lazy-cache"
"lazy-cache@1.0.4","MIT","https://github.com/jonschlinkert/lazy-cache"
"lcid@1.0.0","MIT","https://github.com/sindresorhus/lcid"
"leven@2.1.0","MIT","https://github.com/sindresorhus/leven"
"levn@0.3.0","MIT","https://github.com/gkz/levn"
"license-checker@15.0.0","BSD-3-Clause","https://github.com/davglass/license-checker"
"load-json-file@1.1.0","MIT","https://github.com/sindresorhus/load-json-file"
"load-json-file@2.0.0","MIT","https://github.com/sindresorhus/load-json-file"
"load-json-file@4.0.0","MIT","https://github.com/sindresorhus/load-json-file"
"loader-fs-cache@1.0.1","ISC",""
"loader-runner@2.3.0","MIT","https://github.com/webpack/loader-runner"
"loader-utils@1.1.0","MIT","https://github.com/webpack/loader-utils"
"locate-path@2.0.0","MIT","https://github.com/sindresorhus/locate-path"
"lodash._reinterpolate@3.0.0","MIT","https://github.com/lodash/lodash"
"lodash.assign@4.2.0","MIT","https://github.com/lodash/lodash"
"lodash.camelcase@4.3.0","MIT","https://github.com/lodash/lodash"
"lodash.clonedeep@4.5.0","MIT","https://github.com/lodash/lodash"
"lodash.cond@4.5.2","MIT","https://github.com/lodash/lodash"
"lodash.flattendeep@4.4.0","MIT","https://github.com/lodash/lodash"
"lodash.memoize@4.1.2","MIT","https://github.com/lodash/lodash"
"lodash.mergewith@4.6.0","MIT","https://github.com/lodash/lodash"
"lodash.tail@4.1.1","MIT","https://github.com/lodash/lodash"
"lodash.template@4.4.0","MIT","https://github.com/lodash/lodash"
"lodash.templatesettings@4.1.0","MIT","https://github.com/lodash/lodash"
"lodash.uniq@4.5.0","MIT","https://github.com/lodash/lodash"
"lodash@4.17.4","MIT","https://github.com/lodash/lodash"
"log-symbols@2.1.0","MIT","https://github.com/sindresorhus/log-symbols"
"loglevel@1.6.0","MIT","https://github.com/pimterry/loglevel"
"longest-streak@2.0.2","MIT","https://github.com/wooorm/longest-streak"
"longest@1.0.1","MIT","https://github.com/jonschlinkert/longest"
"loose-envify@1.3.1","MIT","https://github.com/zertosh/loose-envify"
"loud-rejection@1.6.0","MIT","https://github.com/sindresorhus/loud-rejection"
"lru-cache@4.1.1","ISC","https://github.com/isaacs/node-lru-cache"
"ltcdr@2.2.1","MIT*","https://github.com/calvinmetcalf/ltcdr"
"macaddress@0.2.8","MIT","https://github.com/scravy/node-macaddress"
"make-dir@1.1.0","MIT","https://github.com/sindresorhus/make-dir"
"makeerror@1.0.11","BSD-3-Clause","https://github.com/daaku/nodejs-makeerror"
"map-obj@1.0.1","MIT","https://github.com/sindresorhus/map-obj"
"map-obj@2.0.0","MIT","https://github.com/sindresorhus/map-obj"
"map-stream@0.1.0","Custom: https://github.com/dominictarr/event-stream","https://github.com/dominictarr/map-stream"
"markdown-escapes@1.0.1","MIT","https://github.com/wooorm/markdown-escapes"
"markdown-table@1.1.1","MIT","https://github.com/wooorm/markdown-table"
"math-expression-evaluator@1.2.17","MIT","https://github.com/redhivesoftware/math-expression-evaluator.git#readme"
"mathml-tag-names@2.0.1","MIT","https://github.com/wooorm/mathml-tag-names"
"md5.js@1.3.4","MIT","https://github.com/crypto-browserify/md5.js"
"mdast-util-compact@1.0.1","MIT","https://github.com/syntax-tree/mdast-util-compact"
"media-typer@0.3.0","MIT","https://github.com/jshttp/media-typer"
"mem@1.1.0","MIT","https://github.com/sindresorhus/mem"
"memory-fs@0.4.1","MIT","https://github.com/webpack/memory-fs"
"memorystream@0.3.1","MIT","https://github.com/JSBizon/node-memorystream"
"meow@3.7.0","MIT","https://github.com/sindresorhus/meow"
"meow@4.0.0","MIT","https://github.com/sindresorhus/meow"
"merge-descriptors@1.0.1","MIT","https://github.com/component/merge-descriptors"
"merge@1.2.0","MIT","https://github.com/yeikos/js.merge"
"methods@1.1.2","MIT","https://github.com/jshttp/methods"
"micromatch@2.3.11","MIT","https://github.com/jonschlinkert/micromatch"
"miller-rabin@4.0.1","MIT","https://github.com/indutny/miller-rabin"
"mime-db@1.27.0","MIT","https://github.com/jshttp/mime-db"
"mime-db@1.30.0","MIT","https://github.com/jshttp/mime-db"
"mime-db@1.32.0","MIT","https://github.com/jshttp/mime-db"
"mime-types@2.1.15","MIT","https://github.com/jshttp/mime-types"
"mime-types@2.1.17","MIT","https://github.com/jshttp/mime-types"
"mime@1.4.1","MIT","https://github.com/broofa/node-mime"
"mime@1.6.0","MIT","https://github.com/broofa/node-mime"
"mimic-fn@1.1.0","MIT","https://github.com/sindresorhus/mimic-fn"
"minimalistic-assert@1.0.0","ISC","https://github.com/calvinmetcalf/minimalistic-assert"
"minimalistic-crypto-utils@1.0.1","MIT","https://github.com/indutny/minimalistic-crypto-utils"
"minimatch@3.0.4","ISC","https://github.com/isaacs/minimatch"
"minimist-options@3.0.2","MIT","https://github.com/vadimdemedes/minimist-options"
"minimist@0.0.10","MIT","https://github.com/substack/minimist"
"minimist@0.0.8","MIT","https://github.com/substack/minimist"
"minimist@1.1.3","MIT","https://github.com/substack/minimist"
"minimist@1.2.0","MIT","https://github.com/substack/minimist"
"mississippi@1.3.0","BSD-2-Clause","https://github.com/maxogden/mississippi"
"mixin-object@2.0.1","MIT","https://github.com/jonschlinkert/mixin-object"
"mkdirp@0.3.5","MIT","https://github.com/substack/node-mkdirp"
"mkdirp@0.5.1","MIT","https://github.com/substack/node-mkdirp"
"moment@2.20.1","MIT","https://github.com/moment/moment"
"move-concurrently@1.0.1","ISC","https://github.com/npm/move-concurrently"
"moxios@0.4.0","MIT","https://github.com/mzabriskie/moxios"
"ms@2.0.0","MIT","https://github.com/zeit/ms"
"multicast-dns-service-types@1.1.0","MIT","https://github.com/mafintosh/multicast-dns-service-types"
"multicast-dns@6.2.1","MIT","https://github.com/mafintosh/multicast-dns"
"mute-stream@0.0.5","ISC","https://github.com/isaacs/mute-stream"
"mute-stream@0.0.7","ISC","https://github.com/isaacs/mute-stream"
"nan@2.8.0","MIT","https://github.com/nodejs/nan"
"natural-compare@1.4.0","MIT","https://github.com/litejs/natural-compare-lite"
"nearley@2.11.0","MIT","https://github.com/hardmath123/nearley"
"negotiator@0.6.1","MIT","https://github.com/jshttp/negotiator"
"node-fetch@1.7.3","MIT","https://github.com/bitinn/node-fetch"
"node-forge@0.6.33","BSD","https://github.com/digitalbazaar/forge"
"node-gyp@3.6.2","MIT","https://github.com/nodejs/node-gyp"
"node-int64@0.4.0","MIT","https://github.com/broofa/node-int64"
"node-libs-browser@2.1.0","MIT","https://github.com/webpack/node-libs-browser"
"node-notifier@5.1.2","MIT","https://github.com/mikaelbr/node-notifier"
"node-pre-gyp@0.6.39","BSD-3-Clause","https://github.com/mapbox/node-pre-gyp"
"node-sass@4.7.2","MIT","https://github.com/sass/node-sass"
"nomnom@1.6.2","MIT*","https://github.com/harthur/nomnom"
"noms@0.0.0","ISC","https://github.com/calvinmetcalf/noms"
"nopt@2.2.1","MIT","https://github.com/isaacs/nopt"
"nopt@3.0.6","ISC","https://github.com/npm/nopt"
"nopt@4.0.1","ISC","https://github.com/npm/nopt"
"normalize-package-data@2.4.0","BSD-2-Clause","https://github.com/npm/normalize-package-data"
"normalize-path@2.1.1","MIT","https://github.com/jonschlinkert/normalize-path"
"normalize-range@0.1.2","MIT","https://github.com/jamestalmage/normalize-range"
"normalize-selector@0.2.0","MIT","https://github.com/getify/normalize-selector"
"normalize-url@1.9.1","MIT","https://github.com/sindresorhus/normalize-url"
"npm-run-all@4.1.2","MIT","https://github.com/mysticatea/npm-run-all"
"npm-run-path@2.0.2","MIT","https://github.com/sindresorhus/npm-run-path"
"npmlog@4.1.0","ISC","https://github.com/npm/npmlog"
"npmlog@4.1.2","ISC","https://github.com/npm/npmlog"
"nth-check@1.0.1","BSD*","https://github.com/fb55/nth-check"
"num2fraction@1.2.2","MIT","https://github.com/yisibl/num2fraction"
"number-is-nan@1.0.1","MIT","https://github.com/sindresorhus/number-is-nan"
"nwmatcher@1.4.3","MIT","https://github.com/dperini/nwmatcher"
"oauth-sign@0.8.2","Apache-2.0","https://github.com/mikeal/oauth-sign"
"object-assign@3.0.0","MIT","https://github.com/sindresorhus/object-assign"
"object-assign@4.1.1","MIT","https://github.com/sindresorhus/object-assign"
"object-hash@1.2.0","MIT","https://github.com/puleos/object-hash"
"object-inspect@1.5.0","MIT","https://github.com/substack/object-inspect"
"object-is@1.0.1","MIT","https://github.com/ljharb/object-is"
"object-keys@1.0.11","MIT","https://github.com/ljharb/object-keys"
"object.assign@4.1.0","MIT","https://github.com/ljharb/object.assign"
"object.entries@1.0.4","MIT","https://github.com/es-shims/Object.entries"
"object.omit@2.0.1","MIT","https://github.com/jonschlinkert/object.omit"
"object.values@1.0.4","MIT","https://github.com/es-shims/Object.values"
"obuf@1.1.1","MIT","https://github.com/indutny/offset-buffer"
"on-finished@2.3.0","MIT","https://github.com/jshttp/on-finished"
"on-headers@1.0.1","MIT","https://github.com/jshttp/on-headers"
"once@1.4.0","ISC","https://github.com/isaacs/once"
"onecolor@3.0.5","BSD-2-Clause","https://github.com/One-com/one-color"
"onetime@1.1.0","MIT","https://github.com/sindresorhus/onetime"
"onetime@2.0.1","MIT","https://github.com/sindresorhus/onetime"
"opn@5.1.0","MIT","https://github.com/sindresorhus/opn"
"optimist@0.6.1","MIT*","https://github.com/substack/node-optimist"
"optionator@0.8.2","MIT","https://github.com/gkz/optionator"
"original@1.0.0","MIT","https://github.com/unshiftio/original"
"os-browserify@0.3.0","MIT","https://github.com/CoderPuppy/os-browserify"
"os-homedir@1.0.2","MIT","https://github.com/sindresorhus/os-homedir"
"os-locale@1.4.0","MIT","https://github.com/sindresorhus/os-locale"
"os-locale@2.1.0","MIT","https://github.com/sindresorhus/os-locale"
"os-tmpdir@1.0.2","MIT","https://github.com/sindresorhus/os-tmpdir"
"osenv@0.1.4","ISC","https://github.com/npm/osenv"
"output-file-sync@1.1.2","MIT","https://github.com/shinnn/output-file-sync"
"p-cancelable@0.3.0","MIT","https://github.com/sindresorhus/p-cancelable"
"p-finally@1.0.0","MIT","https://github.com/sindresorhus/p-finally"
"p-limit@1.2.0","MIT","https://github.com/sindresorhus/p-limit"
"p-locate@2.0.0","MIT","https://github.com/sindresorhus/p-locate"
"p-map@1.2.0","MIT","https://github.com/sindresorhus/p-map"
"p-try@1.0.0","MIT","https://github.com/sindresorhus/p-try"
"pako@1.0.6","(MIT AND Zlib)","https://github.com/nodeca/pako"
"parallel-transform@1.1.0","MIT","https://github.com/mafintosh/parallel-transform"
"parse-asn1@5.1.0","ISC","https://github.com/crypto-browserify/parse-asn1"
"parse-entities@1.1.1","MIT","https://github.com/wooorm/parse-entities"
"parse-glob@3.0.4","MIT","https://github.com/jonschlinkert/parse-glob"
"parse-json@2.2.0","MIT","https://github.com/sindresorhus/parse-json"
"parse-json@3.0.0","MIT","https://github.com/sindresorhus/parse-json"
"parse-json@4.0.0","MIT","https://github.com/sindresorhus/parse-json"
"parse5@1.5.1","MIT","https://github.com/inikulin/parse5"
"parse5@3.0.3","MIT","https://github.com/inikulin/parse5"
"parseurl@1.3.2","MIT","https://github.com/pillarjs/parseurl"
"path-browserify@0.0.0","MIT","https://github.com/substack/path-browserify"
"path-complete-extname@0.1.0","MIT","https://github.com/ruyadorno/path-complete-extname"
"path-exists@2.1.0","MIT","https://github.com/sindresorhus/path-exists"
"path-exists@3.0.0","MIT","https://github.com/sindresorhus/path-exists"
"path-is-absolute@1.0.1","MIT","https://github.com/sindresorhus/path-is-absolute"
"path-is-inside@1.0.2","(WTFPL OR MIT)","https://github.com/domenic/path-is-inside"
"path-key@2.0.1","MIT","https://github.com/sindresorhus/path-key"
"path-parse@1.0.5","MIT","https://github.com/jbgutierrez/path-parse"
"path-to-regexp@0.1.7","MIT","https://github.com/component/path-to-regexp"
"path-type@1.1.0","MIT","https://github.com/sindresorhus/path-type"
"path-type@2.0.0","MIT","https://github.com/sindresorhus/path-type"
"path-type@3.0.0","MIT","https://github.com/sindresorhus/path-type"
"pause-stream@0.0.11","MIT,Apache2","https://github.com/dominictarr/pause-stream"
"pbkdf2@3.0.14","MIT","https://github.com/crypto-browserify/pbkdf2"
"performance-now@0.2.0","MIT","https://github.com/meryn/performance-now"
"performance-now@2.1.0","MIT","https://github.com/braveg1rl/performance-now"
"pify@2.3.0","MIT","https://github.com/sindresorhus/pify"
"pify@3.0.0","MIT","https://github.com/sindresorhus/pify"
"pinkie-promise@2.0.1","MIT","https://github.com/floatdrop/pinkie-promise"
"pinkie@2.0.4","MIT","https://github.com/floatdrop/pinkie"
"pixrem@4.0.1","BSD-new","https://github.com/robwierzbowski/node-pixrem"
"pkg-dir@1.0.0","MIT","https://github.com/sindresorhus/pkg-dir"
"pkg-dir@2.0.0","MIT","https://github.com/sindresorhus/pkg-dir"
"pleeease-filters@4.0.0","MIT*","https://github.com/iamvdo/pleeease-filters"
"pluralize@1.2.1","MIT","https://github.com/blakeembrey/pluralize"
"pluralize@7.0.0","MIT","https://github.com/blakeembrey/pluralize"
"portfinder@1.0.13","MIT","https://github.com/indexzero/node-portfinder"
"postcss-apply@0.8.0","Unlicense","https://github.com/pascalduez/postcss-apply"
"postcss-attribute-case-insensitive@2.0.0","MIT","https://github.com/Semigradsky/postcss-attribute-case-insensitive"
"postcss-calc@5.3.1","MIT","https://github.com/postcss/postcss-calc"
"postcss-calc@6.0.1","MIT","https://github.com/postcss/postcss-calc"
"postcss-color-function@4.0.1","MIT","https://github.com/postcss/postcss-color-function"
"postcss-color-gray@4.1.0","ISC","https://github.com/postcss/postcss-color-gray"
"postcss-color-hex-alpha@3.0.0","MIT","https://github.com/postcss/postcss-color-hex-alpha"
"postcss-color-hsl@2.0.0","MIT","https://github.com/dmarchena/postcss-color-hsl"
"postcss-color-hwb@3.0.0","MIT","https://github.com/postcss/postcss-color-hwb"
"postcss-color-rebeccapurple@3.0.0","MIT","https://github.com/postcss/postcss-color-rebeccapurple"
"postcss-color-rgb@2.0.0","MIT","https://github.com/dmarchena/postcss-color-rgb"
"postcss-color-rgba-fallback@3.0.0","MIT","https://github.com/postcss/postcss-color-rgba-fallback"
"postcss-colormin@2.2.2","MIT","https://github.com/ben-eb/postcss-colormin"
"postcss-convert-values@2.6.1","MIT","https://github.com/ben-eb/postcss-convert-values"
"postcss-cssnext@3.0.2","MIT","https://github.com/MoOx/postcss-cssnext"
"postcss-custom-media@6.0.0","MIT","https://github.com/postcss/postcss-custom-media"
"postcss-custom-properties@6.2.0","MIT","https://github.com/postcss/postcss-custom-properties"
"postcss-custom-selectors@4.0.1","MIT","https://github.com/postcss/postcss-custom-selectors"
"postcss-discard-comments@2.0.4","MIT","https://github.com/ben-eb/postcss-discard-comments"
"postcss-discard-duplicates@2.1.0","MIT","https://github.com/ben-eb/postcss-discard-duplicates"
"postcss-discard-empty@2.1.0","MIT","https://github.com/ben-eb/postcss-discard-empty"
"postcss-discard-overridden@0.1.1","MIT","https://github.com/Justineo/postcss-discard-overridden"
"postcss-discard-unused@2.2.3","MIT","https://github.com/ben-eb/postcss-discard-unused"
"postcss-filter-plugins@2.0.2","MIT","https://github.com/postcss/postcss-filter-plugins"
"postcss-font-family-system-ui@2.1.1","MIT","https://github.com/JLHwung/postcss-font-family-system-ui"
"postcss-font-variant@3.0.0","MIT","https://github.com/postcss/postcss-font-variant"
"postcss-html@0.12.0","MIT","https://github.com/gucong3000/postcss-html"
"postcss-image-set-polyfill@0.3.5","MIT","https://github.com/SuperOl3g/postcss-image-set-polyfill"
"postcss-import@11.0.0","MIT","https://github.com/postcss/postcss-import"
"postcss-initial@2.0.0","MIT","https://github.com/maximkoretskiy/postcss-initial"
"postcss-less@1.1.3","MIT","https://github.com/webschik/postcss-less"
"postcss-load-config@1.2.0","MIT","https://github.com/michael-ciniawsky/postcss-load-config"
"postcss-load-options@1.2.0","MIT","https://github.com/michael-ciniawsky/postcss-load-options"
"postcss-load-plugins@2.3.0","MIT","https://github.com/michael-ciniawsky/postcss-load-plugins"
"postcss-loader@2.0.10","MIT","https://github.com/postcss/postcss-loader"
"postcss-media-minmax@3.0.0","MIT","https://github.com/postcss/postcss-media-minmax"
"postcss-media-query-parser@0.2.3","MIT","https://github.com/dryoma/postcss-media-query-parser"
"postcss-merge-idents@2.1.7","MIT","https://github.com/ben-eb/postcss-merge-idents"
"postcss-merge-longhand@2.0.2","MIT","https://github.com/ben-eb/postcss-merge-longhand"
"postcss-merge-rules@2.1.2","MIT","https://github.com/ben-eb/postcss-merge-rules"
"postcss-message-helpers@2.0.0","MIT","https://github.com/MoOx/postcss-message-helpers"
"postcss-minify-font-values@1.0.5","MIT","https://github.com/TrySound/postcss-minify-font-values"
"postcss-minify-gradients@1.0.5","MIT","https://github.com/ben-eb/postcss-minify-gradients"
"postcss-minify-params@1.2.2","MIT","https://github.com/ben-eb/postcss-minify-params"
"postcss-minify-selectors@2.1.1","MIT","https://github.com/ben-eb/postcss-minify-selectors"
"postcss-modules-extract-imports@1.2.0","ISC","https://github.com/css-modules/postcss-modules-extract-imports"
"postcss-modules-local-by-default@1.2.0","MIT","https://github.com/css-modules/postcss-modules-local-by-default"
"postcss-modules-scope@1.1.0","ISC","https://github.com/css-modules/postcss-modules-scope"
"postcss-modules-values@1.3.0","ISC","https://github.com/css-modules/postcss-modules-values"
"postcss-nesting@4.2.1","CC0-1.0","https://github.com/jonathantneal/postcss-nesting"
"postcss-normalize-charset@1.1.1","MIT","https://github.com/ben-eb/postcss-charset"
"postcss-normalize-url@3.0.8","MIT","https://github.com/ben-eb/postcss-normalize-url"
"postcss-ordered-values@2.2.3","MIT","https://github.com/ben-eb/postcss-ordered-values"
"postcss-pseudo-class-any-link@4.0.0","CC0-1.0","https://github.com/jonathantneal/postcss-pseudo-class-any-link"
"postcss-pseudoelements@5.0.0","MIT","https://github.com/axa-ch/postcss-pseudoelements"
"postcss-reduce-idents@2.4.0","MIT","https://github.com/ben-eb/postcss-reduce-idents"
"postcss-reduce-initial@1.0.1","MIT","https://github.com/ben-eb/postcss-reduce-initial"
"postcss-reduce-transforms@1.0.4","MIT","https://github.com/ben-eb/postcss-reduce-transforms"
"postcss-replace-overflow-wrap@2.0.0","MIT","https://github.com/MattDiMu/postcss-replace-overflow-wrap"
"postcss-reporter@5.0.0","MIT","https://github.com/postcss/postcss-reporter"
"postcss-resolve-nested-selector@0.1.1","MIT",""
"postcss-safe-parser@3.0.1","MIT","https://github.com/postcss/postcss-safe-parser"
"postcss-sass@0.2.0","MIT","https://github.com/AleshaOleg/postcss-sass"
"postcss-scss@1.0.2","MIT","https://github.com/postcss/postcss-scss"
"postcss-selector-matches@3.0.1","MIT","https://github.com/postcss/postcss-selector-matches"
"postcss-selector-not@3.0.1","MIT","https://github.com/postcss/postcss-selector-not"
"postcss-selector-parser@2.2.3","MIT","https://github.com/postcss/postcss-selector-parser"
"postcss-selector-parser@3.1.1","MIT","https://github.com/postcss/postcss-selector-parser"
"postcss-smart-import@0.7.6","MIT","https://github.com/sebastian-software/postcss-smart-import"
"postcss-svgo@2.1.6","MIT","https://github.com/ben-eb/postcss-svgo"
"postcss-unique-selectors@2.0.2","MIT","https://github.com/ben-eb/postcss-unique-selectors"
"postcss-value-parser@3.3.0","MIT","https://github.com/TrySound/postcss-value-parser"
"postcss-zindex@2.2.0","MIT","https://github.com/ben-eb/postcss-zindex"
"postcss@5.2.18","MIT","https://github.com/postcss/postcss"
"postcss@6.0.15","MIT","https://github.com/postcss/postcss"
"prelude-ls@1.1.2","MIT","https://github.com/gkz/prelude-ls"
"prepend-http@1.0.4","MIT","https://github.com/sindresorhus/prepend-http"
"preserve@0.2.0","MIT","https://github.com/jonschlinkert/preserve"
"prettier@1.9.2","MIT","https://github.com/prettier/prettier"
"pretty-format@21.2.1","MIT","https://github.com/facebook/jest"
"private@0.1.8","MIT","https://github.com/benjamn/private"
"process-nextick-args@1.0.7","MIT","https://github.com/calvinmetcalf/process-nextick-args"
"process@0.11.10","MIT","https://github.com/shtylman/node-process"
"progress@1.1.8","MIT*","https://github.com/visionmedia/node-progress"
"progress@2.0.0","MIT","https://github.com/visionmedia/node-progress"
"promise-each@2.2.0","MIT","https://github.com/yoshuawuyts/promise-each"
"promise-inflight@1.0.1","ISC","https://github.com/iarna/promise-inflight"
"promise@7.3.1","MIT","https://github.com/then/promise"
"prop-types-extra@1.0.1","MIT","https://github.com/react-bootstrap/react-prop-types"
"prop-types@15.6.0","MIT","https://github.com/reactjs/prop-types"
"proxy-addr@2.0.2","MIT","https://github.com/jshttp/proxy-addr"
"prr@1.0.1","MIT","https://github.com/rvagg/prr"
"ps-tree@1.1.0","MIT","https://github.com/indexzero/ps-tree"
"pseudomap@1.0.2","ISC","https://github.com/isaacs/pseudomap"
"public-encrypt@4.0.0","MIT","https://github.com/crypto-browserify/publicEncrypt"
"pump@1.0.3","MIT","https://github.com/mafintosh/pump"
"pumpify@1.3.5","MIT","https://github.com/mafintosh/pumpify"
"punycode@1.3.2","MIT","https://github.com/bestiejs/punycode.js"
"punycode@1.4.1","MIT","https://github.com/bestiejs/punycode.js"
"q@1.5.1","MIT","https://github.com/kriskowal/q"
"qs@6.3.2","BSD-3-Clause","https://github.com/ljharb/qs"
"qs@6.4.0","BSD-3-Clause","https://github.com/ljharb/qs"
"qs@6.5.1","BSD-3-Clause","https://github.com/ljharb/qs"
"query-string@4.3.4","MIT","https://github.com/sindresorhus/query-string"
"querystring-es3@0.2.1","MIT","https://github.com/mike-spainhower/querystring"
"querystring@0.2.0","MIT","https://github.com/Gozala/querystring"
"querystringify@0.0.4","MIT","https://github.com/unshiftio/querystringify"
"querystringify@1.0.0","MIT","https://github.com/unshiftio/querystringify"
"quick-lru@1.1.0","MIT","https://github.com/sindresorhus/quick-lru"
"raf@3.4.0","MIT","https://github.com/chrisdickinson/raf"
"railroad-diagrams@1.0.0","CC0-1.0","https://github.com/tabatkins/railroad-diagrams"
"randexp@0.4.6","MIT","https://github.com/fent/randexp.js"
"randomatic@1.1.7","MIT","https://github.com/jonschlinkert/randomatic"
"randombytes@2.0.5","MIT","https://github.com/crypto-browserify/randombytes"
"randomfill@1.0.3","MIT","https://github.com/crypto-browserify/randombytes"
"range-parser@1.2.0","MIT","https://github.com/jshttp/range-parser"
"raw-body@2.3.2","MIT","https://github.com/stream-utils/raw-body"
"rc@1.2.1","(BSD-2-Clause OR MIT OR Apache-2.0)","https://github.com/dominictarr/rc"
"rc@1.2.2","(BSD-2-Clause OR MIT OR Apache-2.0)","https://github.com/dominictarr/rc"
"react-autosuggest@9.3.2","MIT","https://github.com/moroshko/react-autosuggest"
"react-autowhatever@10.1.0","MIT","https://github.com/moroshko/react-autowhatever"
"react-datetime@2.11.1","MIT","https://github.com/YouCanBookMe/react-datetime"
"react-dom@16.2.0","MIT","https://github.com/facebook/react"
"react-input-autosize@2.1.2","MIT","https://github.com/JedWatson/react-input-autosize"
"react-onclickoutside@6.7.0","MIT","https://github.com/Pomax/react-onclickoutside"
"react-overlays@0.8.3","MIT","https://github.com/react-bootstrap/react-overlays"
"react-reconciler@0.7.0","MIT","https://github.com/facebook/react"
"react-select@1.1.0","MIT","https://github.com/JedWatson/react-select"
"react-test-renderer@16.2.0","MIT","https://github.com/facebook/react"
"react-themeable@1.1.0","MIT","https://github.com/markdalgleish/react-themeable"
"react-transition-group@2.2.1","BSD-3-Clause","https://github.com/reactjs/react-transition-group"
"react-wood-duck@0.1.44","AGPL-3.0","https://github.com/ca-cwds/react-wood-duck"
"react@16.2.0","MIT","https://github.com/facebook/react"
"read-cache@1.0.0","MIT","https://github.com/TrySound/read-cache"
"read-installed@4.0.3","ISC","https://github.com/isaacs/read-installed"
"read-package-json@2.0.12","ISC","https://github.com/npm/read-package-json"
"read-pkg-up@1.0.1","MIT","https://github.com/sindresorhus/read-pkg-up"
"read-pkg-up@2.0.0","MIT","https://github.com/sindresorhus/read-pkg-up"
"read-pkg-up@3.0.0","MIT","https://github.com/sindresorhus/read-pkg-up"
"read-pkg@1.1.0","MIT","https://github.com/sindresorhus/read-pkg"
"read-pkg@2.0.0","MIT","https://github.com/sindresorhus/read-pkg"
"read-pkg@3.0.0","MIT","https://github.com/sindresorhus/read-pkg"
"readable-stream@1.0.34","MIT","https://github.com/isaacs/readable-stream"
"readable-stream@2.2.9","MIT","https://github.com/nodejs/readable-stream"
"readable-stream@2.3.3","MIT","https://github.com/nodejs/readable-stream"
"readdir-scoped-modules@1.0.2","ISC","https://github.com/npm/readdir-scoped-modules"
"readdirp@2.1.0","MIT","https://github.com/thlorenz/readdirp"
"readline2@1.0.1","MIT","https://github.com/SBoudrias/readline2"
"rechoir@0.6.2","MIT","https://github.com/tkellen/node-rechoir"
"redent@1.0.0","MIT","https://github.com/sindresorhus/redent"
"redent@2.0.0","MIT","https://github.com/sindresorhus/redent"
"reduce-css-calc@1.3.0","MIT","https://github.com/MoOx/reduce-css-calc"
"reduce-css-calc@2.1.3","MIT","https://github.com/MoOx/reduce-css-calc"
"reduce-function-call@1.0.2","MIT","https://github.com/MoOx/reduce-function-call"
"regenerate@1.3.3","MIT","https://github.com/mathiasbynens/regenerate"
"regenerator-runtime@0.10.5","MIT","https://github.com/facebook/regenerator/tree/master/packages/regenerator-runtime"
"regenerator-runtime@0.11.1","MIT","https://github.com/facebook/regenerator/tree/master/packages/regenerator-runtime"
"regenerator-transform@0.10.1","BSD*","https://github.com/facebook/regenerator/tree/master/packages/regenerator-transform"
"regex-cache@0.4.4","MIT","https://github.com/jonschlinkert/regex-cache"
"regexpu-core@1.0.0","MIT","https://github.com/mathiasbynens/regexpu-core"
"regexpu-core@2.0.0","MIT","https://github.com/mathiasbynens/regexpu-core"
"regjsgen@0.2.0","MIT","https://github.com/d10/regjsgen"
"regjsparser@0.1.5","BSD*","https://github.com/jviereck/regjsparser"
"remark-parse@4.0.0","MIT","https://github.com/wooorm/remark/tree/master/packages/remark-parse"
"remark-stringify@4.0.0","MIT","https://github.com/wooorm/remark/tree/master/packages/remark-stringify"
"remark@8.0.0","MIT","https://github.com/wooorm/remark/tree/master/packages/remark"
"remove-trailing-separator@1.1.0","ISC","https://github.com/darsain/remove-trailing-separator"
"repeat-element@1.1.2","MIT","https://github.com/jonschlinkert/repeat-element"
"repeat-string@1.6.1","MIT","https://github.com/jonschlinkert/repeat-string"
"repeating@2.0.1","MIT","https://github.com/sindresorhus/repeating"
"replace-ext@1.0.0","MIT","https://github.com/gulpjs/replace-ext"
"request@2.79.0","Apache-2.0","https://github.com/request/request"
"request@2.81.0","Apache-2.0","https://github.com/request/request"
"request@2.83.0","Apache-2.0","https://github.com/request/request"
"require-directory@2.1.1","MIT","https://github.com/troygoode/node-require-directory"
"require-from-string@1.2.1","MIT","https://github.com/floatdrop/require-from-string"
"require-from-string@2.0.1","MIT","https://github.com/floatdrop/require-from-string"
"require-main-filename@1.0.1","ISC","https://github.com/yargs/require-main-filename"
"require-uncached@1.0.3","MIT","https://github.com/sindresorhus/require-uncached"
"requires-port@1.0.0","MIT","https://github.com/unshiftio/requires-port"
"resolve-cwd@2.0.0","MIT","https://github.com/sindresorhus/resolve-cwd"
"resolve-from@1.0.1","MIT","https://github.com/sindresorhus/resolve-from"
"resolve-from@3.0.0","MIT","https://github.com/sindresorhus/resolve-from"
"resolve-from@4.0.0","MIT","https://github.com/sindresorhus/resolve-from"
"resolve@1.1.7","MIT","https://github.com/substack/node-resolve"
"resolve@1.5.0","MIT","https://github.com/browserify/node-resolve"
"restore-cursor@1.0.1","MIT","https://github.com/sindresorhus/restore-cursor"
"restore-cursor@2.0.0","MIT","https://github.com/sindresorhus/restore-cursor"
"ret@0.1.15","MIT","https://github.com/fent/ret.js"
"rgb-hex@2.1.0","MIT","https://github.com/sindresorhus/rgb-hex"
"rgb@0.1.0","MIT*","https://github.com/kamicane/rgb"
"right-align@0.1.3","MIT","https://github.com/jonschlinkert/right-align"
"rimraf@2.6.1","ISC","https://github.com/isaacs/rimraf"
"rimraf@2.6.2","ISC","https://github.com/isaacs/rimraf"
"ripemd160@2.0.1","MIT","https://github.com/crypto-browserify/ripemd160"
"rst-selector-parser@2.2.3","BSD-3-Clause","https://github.com/aweary/rst-selector-parser"
"run-async@0.1.0","MIT","https://github.com/SBoudrias/run-async"
"run-async@2.3.0","MIT","https://github.com/SBoudrias/run-async"
"run-queue@1.0.3","ISC","https://github.com/iarna/run-queue"
"rx-lite-aggregates@4.0.8","Apache License, Version 2.0","https://github.com/Reactive-Extensions/RxJS"
"rx-lite@3.1.2","Apache License, Version 2.0","https://github.com/Reactive-Extensions/RxJS"
"rx-lite@4.0.8","Apache License, Version 2.0","https://github.com/Reactive-Extensions/RxJS"
"safe-buffer@5.0.1","MIT","https://github.com/feross/safe-buffer"
"safe-buffer@5.1.1","MIT","https://github.com/feross/safe-buffer"
"sane@2.2.0","MIT","https://github.com/amasad/sane"
"sass-graph@2.2.4","MIT","https://github.com/xzyfer/sass-graph"
"sass-loader@6.0.6","MIT","https://github.com/webpack-contrib/sass-loader"
"sax@1.2.4","ISC","https://github.com/isaacs/sax-js"
"schema-utils@0.3.0","MIT","https://github.com/webpack-contrib/schema-utils"
"scss-tokenizer@0.2.3","MIT","https://github.com/sasstools/scss-tokenizer"
"section-iterator@2.0.0","MIT","https://github.com/moroshko/section-iterator"
"select-hose@2.0.0","MIT","https://github.com/indutny/select-hose"
"selfsigned@1.10.1","MIT","https://github.com/jfromaniello/selfsigned"
"semver@5.3.0","ISC","https://github.com/npm/node-semver"
"semver@5.4.1","ISC","https://github.com/npm/node-semver"
"send@0.16.1","MIT","https://github.com/pillarjs/send"
"serialize-javascript@1.4.0","BSD-3-Clause","https://github.com/yahoo/serialize-javascript"
"serve-index@1.9.1","MIT","https://github.com/expressjs/serve-index"
"serve-static@1.13.1","MIT","https://github.com/expressjs/serve-static"
"set-blocking@2.0.0","ISC","https://github.com/yargs/set-blocking"
"set-immediate-shim@1.0.1","MIT","https://github.com/sindresorhus/set-immediate-shim"
"setimmediate@1.0.5","MIT","https://github.com/YuzuJS/setImmediate"
"setprototypeof@1.0.3","ISC","https://github.com/wesleytodd/setprototypeof"
"setprototypeof@1.1.0","ISC","https://github.com/wesleytodd/setprototypeof"
"sha.js@2.4.9","MIT","https://github.com/crypto-browserify/sha.js"
"shallow-clone@0.1.2","MIT","https://github.com/jonschlinkert/shallow-clone"
"shallow-equal@1.0.0","MIT","https://github.com/moroshko/shallow-equal"
"shebang-command@1.2.0","MIT","https://github.com/kevva/shebang-command"
"shebang-regex@1.0.0","MIT","https://github.com/sindresorhus/shebang-regex"
"shell-quote@1.6.1","MIT","https://github.com/substack/node-shell-quote"
"shelljs@0.7.8","BSD-3-Clause","https://github.com/shelljs/shelljs"
"shellwords@0.1.1","MIT","https://github.com/jimmycuadra/shellwords"
"signal-exit@3.0.2","ISC","https://github.com/tapjs/signal-exit"
"simple-swizzle@0.2.2","MIT","https://github.com/qix-/node-simple-swizzle"
"slash@1.0.0","MIT","https://github.com/sindresorhus/slash"
"slice-ansi@0.0.4","MIT","https://github.com/chalk/slice-ansi"
"slice-ansi@1.0.0","MIT","https://github.com/chalk/slice-ansi"
"slide@1.1.6","ISC","https://github.com/isaacs/slide-flow-control"
"sntp@1.0.9","BSD","https://github.com/hueniverse/sntp"
"sntp@2.1.0","BSD-3-Clause","https://github.com/hueniverse/sntp"
"sockjs-client@1.1.4","MIT","https://github.com/sockjs/sockjs-client"
"sockjs@0.3.18","MIT","https://github.com/sockjs/sockjs-node"
"sort-keys@1.1.2","MIT","https://github.com/sindresorhus/sort-keys"
"source-list-map@2.0.0","MIT","https://github.com/webpack/source-list-map"
"source-map-support@0.4.18","MIT","https://github.com/evanw/node-source-map-support"
"source-map@0.4.4","BSD-3-Clause","https://github.com/mozilla/source-map"
"source-map@0.5.7","BSD-3-Clause","https://github.com/mozilla/source-map"
"source-map@0.6.1","BSD-3-Clause","https://github.com/mozilla/source-map"
"spdx-compare@0.1.2","MIT","https://github.com/kemitchell/spdx-compare.js"
"spdx-correct@1.0.2","Apache-2.0","https://github.com/kemitchell/spdx-correct.js"
"spdx-correct@2.0.4","Apache-2.0","https://github.com/jslicense/spdx-correct.js"
"spdx-exceptions@1.0.5","CC-BY-3.0","https://github.com/kemitchell/spdx-exceptions.json"
"spdx-exceptions@2.0.0","CC-BY-3.0","https://github.com/kemitchell/spdx-exceptions.json"
"spdx-expression-parse@1.0.4","(MIT AND CC-BY-3.0)","https://github.com/kemitchell/spdx-expression-parse.js"
"spdx-expression-parse@2.0.2","MIT","https://github.com/jslicense/spdx-expression-parse.js"
"spdx-license-ids@1.2.2","Unlicense","https://github.com/shinnn/spdx-license-ids"
"spdx-license-ids@2.0.1","CC0-1.0","https://github.com/shinnn/spdx-license-ids"
"spdx-ranges@1.0.1","CC-BY-3.0","https://github.com/kemitchell/spdx-ranges.js"
"spdx-satisfies@0.1.3","MIT","https://github.com/kemitchell/spdx-satisfies.js"
"spdx@0.5.1","MIT","https://github.com/kemitchell/spdx.js"
"spdy-transport@2.0.20","MIT","https://github.com/spdy-http2/spdy-transport"
"spdy@3.4.7","MIT","https://github.com/indutny/node-spdy"
"specificity@0.3.2","MIT","https://github.com/keeganstreet/specificity"
"split@0.3.3","MIT","https://github.com/dominictarr/split"
"sprintf-js@1.0.3","BSD-3-Clause","https://github.com/alexei/sprintf.js"
"sshpk@1.13.0","MIT","https://github.com/arekinath/node-sshpk"
"sshpk@1.13.1","MIT","https://github.com/arekinath/node-sshpk"
"ssri@5.0.0","ISC","https://github.com/zkat/ssri"
"state-toggle@1.0.0","MIT","https://github.com/wooorm/state-toggle"
"statuses@1.3.1","MIT","https://github.com/jshttp/statuses"
"statuses@1.4.0","MIT","https://github.com/jshttp/statuses"
"stdout-stream@1.4.0","MIT*","https://github.com/mafintosh/stdout-stream"
"stream-browserify@2.0.1","MIT","https://github.com/substack/stream-browserify"
"stream-combiner@0.0.4","MIT","https://github.com/dominictarr/stream-combiner"
"stream-each@1.2.2","MIT","https://github.com/mafintosh/stream-each"
"stream-http@2.7.2","MIT","https://github.com/jhiesey/stream-http"
"stream-shift@1.0.0","MIT","https://github.com/mafintosh/stream-shift"
"strict-uri-encode@1.1.0","MIT","https://github.com/kevva/strict-uri-encode"
"string-length@2.0.0","MIT","https://github.com/sindresorhus/string-length"
"string-width@1.0.2","MIT","https://github.com/sindresorhus/string-width"
"string-width@2.1.1","MIT","https://github.com/sindresorhus/string-width"
"string.prototype.padend@3.0.0","MIT","https://github.com/es-shims/String.prototype.padEnd"
"string_decoder@0.10.31","MIT","https://github.com/rvagg/string_decoder"
"string_decoder@1.0.1","MIT","https://github.com/rvagg/string_decoder"
"string_decoder@1.0.3","MIT","https://github.com/rvagg/string_decoder"
"stringify-entities@1.3.1","MIT","https://github.com/wooorm/stringify-entities"
"stringstream@0.0.5","MIT","https://github.com/mhart/StringStream"
"strip-ansi@0.3.0","MIT","https://github.com/sindresorhus/strip-ansi"
"strip-ansi@3.0.1","MIT","https://github.com/chalk/strip-ansi"
"strip-ansi@4.0.0","MIT","https://github.com/chalk/strip-ansi"
"strip-bom@2.0.0","MIT","https://github.com/sindresorhus/strip-bom"
"strip-bom@3.0.0","MIT","https://github.com/sindresorhus/strip-bom"
"strip-eof@1.0.0","MIT","https://github.com/sindresorhus/strip-eof"
"strip-indent@1.0.1","MIT","https://github.com/sindresorhus/strip-indent"
"strip-indent@2.0.0","MIT","https://github.com/sindresorhus/strip-indent"
"strip-json-comments@2.0.1","MIT","https://github.com/sindresorhus/strip-json-comments"
"style-loader@0.19.1","MIT","https://github.com/webpack/style-loader"
"style-search@0.1.0","ISC","https://github.com/davidtheclark/style-search"
"stylelint-config-recommended@2.0.1","MIT","https://github.com/stylelint/stylelint-config-recommended"
"stylelint-config-standard@18.0.0","MIT","https://github.com/stylelint/stylelint-config-standard"
"stylelint@8.4.0","MIT","https://github.com/stylelint/stylelint"
"sugarss@1.0.1","MIT","https://github.com/postcss/sugarss"
"supports-color@0.2.0","MIT","https://github.com/sindresorhus/supports-color"
"supports-color@2.0.0","MIT","https://github.com/chalk/supports-color"
"supports-color@3.2.3","MIT","https://github.com/chalk/supports-color"
"supports-color@4.5.0","MIT","https://github.com/chalk/supports-color"
"supports-color@5.1.0","MIT","https://github.com/chalk/supports-color"
"svg-tags@1.0.0","MIT","https://github.com/element-io/svg-tags"
"svgo@0.7.2","MIT","https://github.com/svg/svgo"
"symbol-tree@3.2.2","MIT","https://github.com/jsdom/js-symbol-tree"
"table@3.8.3","BSD-3-Clause","https://github.com/gajus/table"
"table@4.0.2","BSD-3-Clause","https://github.com/gajus/table"
"tapable@0.2.8","MIT","https://github.com/webpack/tapable"
"tar-pack@3.4.0","BSD-2-Clause","https://github.com/ForbesLindesay/tar-pack"
"tar-pack@3.4.1","BSD-2-Clause","https://github.com/ForbesLindesay/tar-pack"
"tar@2.2.1","ISC","https://github.com/isaacs/node-tar"
"test-exclude@4.1.1","ISC","https://github.com/istanbuljs/istanbuljs"
"text-table@0.2.0","MIT","https://github.com/substack/text-table"
"throat@4.1.0","MIT","https://github.com/ForbesLindesay/throat"
"through2@2.0.3","MIT","https://github.com/rvagg/through2"
"through@2.3.8","MIT","https://github.com/dominictarr/through"
"thunky@0.1.0","MIT*","https://github.com/mafintosh/thunky"
"time-stamp@2.0.0","MIT","https://github.com/jonschlinkert/time-stamp"
"timers-browserify@2.0.4","MIT","https://github.com/jryans/timers-browserify"
"tmp@0.0.33","MIT","https://github.com/raszi/node-tmp"
"tmpl@1.0.4","BSD-3-Clause","https://github.com/daaku/nodejs-tmpl"
"to-arraybuffer@1.0.1","MIT","https://github.com/jhiesey/to-arraybuffer"
"to-fast-properties@1.0.3","MIT","https://github.com/sindresorhus/to-fast-properties"
"to-fast-properties@2.0.0","MIT","https://github.com/sindresorhus/to-fast-properties"
"tough-cookie@2.3.2","BSD-3-Clause","https://github.com/salesforce/tough-cookie"
"tough-cookie@2.3.3","BSD-3-Clause","https://github.com/salesforce/tough-cookie"
"tr46@0.0.3","MIT","https://github.com/Sebmaster/tr46.js"
"treeify@1.0.1","MIT","https://github.com/notatestuser/treeify"
"trim-newlines@1.0.0","MIT","https://github.com/sindresorhus/trim-newlines"
"trim-newlines@2.0.0","MIT","https://github.com/sindresorhus/trim-newlines"
"trim-right@1.0.1","MIT","https://github.com/sindresorhus/trim-right"
"trim-trailing-lines@1.1.0","MIT","https://github.com/wooorm/trim-trailing-lines"
"trim@0.0.1","MIT*",""
"trough@1.0.1","MIT","https://github.com/wooorm/trough"
"true-case-path@1.0.2","Apache*","https://github.com/barsh/true-case-path"
"tty-browserify@0.0.0","MIT","https://github.com/substack/tty-browserify"
"tunnel-agent@0.4.3","Apache-2.0","https://github.com/mikeal/tunnel-agent"
"tunnel-agent@0.6.0","Apache-2.0","https://github.com/mikeal/tunnel-agent"
"tweetnacl@0.14.5","Unlicense","https://github.com/dchest/tweetnacl-js"
"type-check@0.3.2","MIT","https://github.com/gkz/type-check"
"type-is@1.6.15","MIT","https://github.com/jshttp/type-is"
"typedarray@0.0.6","MIT","https://github.com/substack/typedarray"
"typescript@2.6.2","Apache-2.0","https://github.com/Microsoft/TypeScript"
"ua-parser-js@0.7.17","(GPL-2.0 OR MIT)","https://github.com/faisalman/ua-parser-js"
"uglify-js@2.8.29","BSD-2-Clause","https://github.com/mishoo/UglifyJS2"
"uglify-to-browserify@1.0.2","MIT","https://github.com/ForbesLindesay/uglify-to-browserify"
"uglifyjs-webpack-plugin@0.4.6","MIT","https://github.com/webpack-contrib/uglifyjs-webpack-plugin"
"uid-number@0.0.6","ISC","https://github.com/isaacs/uid-number"
"underscore@1.4.4","MIT*","https://github.com/documentcloud/underscore"
"unherit@1.1.0","MIT","https://github.com/wooorm/unherit"
"unified@6.1.6","MIT","https://github.com/unifiedjs/unified"
"uniq@1.0.1","MIT","https://github.com/mikolalysenko/uniq"
"uniqid@4.1.1","MIT","https://github.com/adamhalasz/uniqid"
"uniqs@2.0.0","MIT","https://github.com/fgnass/uniqs"
"unique-filename@1.1.0","ISC","https://github.com/iarna/unique-filename"
"unique-slug@2.0.0","ISC","https://github.com/iarna/unique-slug"
"unist-util-find-all-after@1.0.1","MIT","https://github.com/syntax-tree/unist-util-find-all-after"
"unist-util-is@2.1.1","MIT","https://github.com/syntax-tree/unist-util-is"
"unist-util-modify-children@1.1.1","MIT","https://github.com/syntax-tree/unist-util-modify-children"
"unist-util-remove-position@1.1.1","MIT","https://github.com/syntax-tree/unist-util-remove-position"
"unist-util-stringify-position@1.1.1","MIT","https://github.com/syntax-tree/unist-util-stringify-position"
"unist-util-visit@1.3.0","MIT","https://github.com/syntax-tree/unist-util-visit"
"units-css@0.4.0","MIT","https://github.com/alexdunphy/units"
"unpipe@1.0.0","MIT","https://github.com/stream-utils/unpipe"
"url-parse@1.0.5","MIT","https://github.com/unshiftio/url-parse"
"url-parse@1.2.0","MIT","https://github.com/unshiftio/url-parse"
"url@0.11.0","MIT","https://github.com/defunctzombie/node-url"
"user-home@1.1.1","MIT","https://github.com/sindresorhus/user-home"
"user-home@2.0.0","MIT","https://github.com/sindresorhus/user-home"
"util-deprecate@1.0.2","MIT","https://github.com/TooTallNate/util-deprecate"
"util-extend@1.0.3","MIT","https://github.com/isaacs/util-extend"
"util@0.10.3","MIT","https://github.com/defunctzombie/node-util"
"utils-merge@1.0.1","MIT","https://github.com/jaredhanson/utils-merge"
"uuid@2.0.3","MIT","https://github.com/defunctzombie/node-uuid"
"uuid@3.0.1","MIT","https://github.com/kelektiv/node-uuid"
"uuid@3.1.0","MIT","https://github.com/kelektiv/node-uuid"
"v8flags@2.1.1","MIT","https://github.com/tkellen/node-v8flags"
"validate-npm-package-license@3.0.1","Apache-2.0","https://github.com/kemitchell/validate-npm-package-license.js"
"vary@1.1.2","MIT","https://github.com/jshttp/vary"
"vendors@1.0.1","MIT","https://github.com/wooorm/vendors"
"verror@1.10.0","MIT","https://github.com/davepacheco/node-verror"
"verror@1.3.6","MIT*","https://github.com/davepacheco/node-verror"
"vfile-location@2.0.2","MIT","https://github.com/vfile/vfile-location"
"vfile-message@1.0.0","MIT","https://github.com/vfile/vfile-message"
"vfile@2.3.0","MIT","https://github.com/vfile/vfile"
"viewport-dimensions@0.2.0","MIT","https://github.com/alexdunphy/viewport"
"vm-browserify@0.0.4","MIT","https://github.com/substack/vm-browserify"
"walker@1.0.7","Apache-2.0","https://github.com/daaku/nodejs-walker"
"warning@3.0.0","BSD-3-Clause","https://github.com/BerkeleyTrue/warning"
"watch@0.18.0","Apache-2.0","https://github.com/mikeal/watch"
"watchpack@1.4.0","MIT","https://github.com/webpack/watchpack"
"wbuf@1.7.2","MIT","https://github.com/indutny/wbuf"
"webidl-conversions@3.0.1","BSD-2-Clause","https://github.com/jsdom/webidl-conversions"
"webidl-conversions@4.0.2","BSD-2-Clause","https://github.com/jsdom/webidl-conversions"
"webpack-dev-middleware@1.12.2","MIT","https://github.com/webpack/webpack-dev-middleware"
"webpack-dev-server@2.9.7","MIT","https://github.com/webpack/webpack-dev-server"
"webpack-manifest-plugin@1.3.2","MIT","https://github.com/danethurber/webpack-manifest-plugin"
"webpack-sources@1.1.0","MIT","https://github.com/webpack/webpack-sources"
"webpack@3.10.0","MIT","https://github.com/webpack/webpack"
"websocket-driver@0.7.0","MIT","https://github.com/faye/websocket-driver-node"
"websocket-extensions@0.1.3","MIT","https://github.com/faye/websocket-extensions-node"
"whatwg-encoding@1.0.3","MIT","https://github.com/jsdom/whatwg-encoding"
"whatwg-fetch@2.0.3","MIT","https://github.com/github/fetch"
"whatwg-url@4.8.0","MIT","https://github.com/jsdom/whatwg-url"
"whet.extend@0.9.9","MIT","https://github.com/Meettya/whet.extend"
"which-module@1.0.0","ISC","https://github.com/nexdrew/which-module"
"which-module@2.0.0","ISC","https://github.com/nexdrew/which-module"
"which@1.3.0","ISC","https://github.com/isaacs/node-which"
"wide-align@1.1.2","ISC","https://github.com/iarna/wide-align"
"window-size@0.1.0","MIT","https://github.com/jonschlinkert/window-size"
"wordwrap@0.0.2","MIT*","https://github.com/substack/node-wordwrap"
"wordwrap@0.0.3","MIT","https://github.com/substack/node-wordwrap"
"wordwrap@1.0.0","MIT","https://github.com/substack/node-wordwrap"
"worker-farm@1.5.2","MIT","https://github.com/rvagg/node-worker-farm"
"wrap-ansi@2.1.0","MIT","https://github.com/chalk/wrap-ansi"
"wrappy@1.0.2","ISC","https://github.com/npm/wrappy"
"write-file-atomic@2.3.0","ISC","https://github.com/iarna/write-file-atomic"
"write@0.2.1","MIT","https://github.com/jonschlinkert/write"
"x-is-function@1.0.4","MIT","https://github.com/serapath/x-is-function"
"x-is-string@0.1.0","MIT","https://github.com/Matt-Esch/x-is-string"
"xml-name-validator@2.0.1","WTFPL","https://github.com/jsdom/xml-name-validator"
"xtend@4.0.1","MIT","https://github.com/Raynos/xtend"
"y18n@3.2.1","ISC","https://github.com/yargs/y18n"
"yallist@2.1.2","ISC","https://github.com/isaacs/yallist"
"yargs-parser@4.2.1","ISC","https://github.com/yargs/yargs-parser"
"yargs-parser@5.0.0","ISC","https://github.com/yargs/yargs-parser"
"yargs-parser@7.0.0","ISC","https://github.com/yargs/yargs-parser"
"yargs@3.10.0","MIT","https://github.com/bcoe/yargs"
"yargs@6.6.0","MIT","https://github.com/yargs/yargs"
"yargs@7.1.0","MIT","https://github.com/yargs/yargs"
"yargs@8.0.2","MIT","https://github.com/yargs/yargs"
"yargs@9.0.1","MIT","https://github.com/yargs/yargs"
